age,income,lama_bekerja_tahun,skor_kredit_internal,jumlah_pinjaman_aktif,target
53,14316000,15.2,850,4,1
31,10204000,5.1,850,3,1
61,11839000,9.3,850,2,1
48,12883000,10.6,850,4,1
59,12513000,7.8,850,3,1
40,11891000,8.5,850,1,1
21,12059000,0.4,850,0,0
56,14068000,16.4,850,2,1
55,10326000,8.7,850,2,1
56,10504000,8.6,826,0,1
42,12031000,8.1,850,4,1
22,9633000,1.0,796,2,1
22,9677000,1.4,825,0,1
47,9497000,3.8,790,2,1
34,10619000,7.4,850,1,1
37,13994000,6.9,850,1,1
54,15048000,20.0,850,2,1
56,12236000,4.1,850,2,1
60,15375000,17.3,850,2,1
39,10349000,5.4,801,3,0
45,13676000,10.0,850,3,1
37,8935000,2.2,821,0,1
57,16493000,20.6,850,1,1
63,14047000,14.0,850,1,1
28,9483000,5.2,763,1,1
25,11740000,0.8,850,3,1
45,10985000,11.4,810,1,1
54,9601000,5.3,850,0,0
22,9340000,0.3,836,0,1
55,15194000,16.5,850,3,1
49,10311000,4.0,834,2,1
50,10794000,3.4,850,4,1
33,10087000,4.0,841,1,1
31,8564000,3.6,785,1,1
62,13430000,13.8,850,0,1
40,13504000,9.3,824,2,0
27,8668000,3.1,763,2,1
43,11276000,7.5,850,2,1
59,16388000,15.8,850,1,1
63,12858000,12.3,850,1,1
23,9375000,0.7,781,3,0
42,10739000,4.7,723,3,1
62,13610000,11.1,850,0,1
59,15689000,15.6,850,3,0
32,11938000,7.5,850,4,0
60,15822000,21.5,850,3,1
38,9738000,2.6,839,4,0
32,10643000,6.5,729,1,1
23,7837000,1.6,809,0,1
36,11317000,6.9,850,3,1
32,12430000,6.0,850,3,0
20,7474000,0.5,719,1,0
61,16601000,20.4,850,1,1
42,13609000,12.8,850,2,1
23,9787000,1.9,811,0,1
22,8496000,0.5,850,1,1
62,12284000,9.3,850,4,1
52,13525000,12.6,850,1,1
46,13152000,15.3,850,1,1
33,9153000,4.7,820,4,0
61,11346000,14.1,850,3,1
35,11881000,7.8,827,2,1
52,13422000,18.2,850,2,1
50,13709000,9.5,850,2,1
53,11858000,6.0,850,2,1
44,15596000,10.5,850,0,1
35,10242000,3.1,788,0,1
27,9520000,4.7,787,0,1
26,11174000,3.6,759,0,1
43,13263000,14.0,850,0,1
48,11214000,3.3,850,1,1
26,11396000,2.7,850,1,1
30,12801000,5.8,850,3,1
47,10389000,6.2,773,0,1
26,8655000,1.1,776,3,1
41,12235000,11.3,850,1,0
34,10767000,5.7,801,1,1
43,12342000,4.6,850,0,1
23,8058000,0.6,735,3,1
51,10952000,15.2,850,1,1
25,10266000,0.8,850,2,1
32,9137000,1.6,733,1,0
21,10940000,0.7,850,4,1
35,7951000,1.7,839,1,0
37,9293000,2.6,814,3,1
53,9995000,5.0,850,0,1
52,14115000,16.6,850,0,1
27,7856000,1.2,840,2,1
32,11781000,6.7,838,1,1
43,8022000,4.2,724,4,0
49,15830000,12.4,850,3,1
48,8977000,4.5,735,4,0
24,10546000,2.0,834,1,1
20,6944000,0.1,671,3,0
45,13916000,15.0,850,3,1
20,10566000,0.2,850,4,1
23,8066000,0.9,820,3,1
27,8532000,1.6,850,2,1
24,10568000,2.1,814,0,1
43,13666000,8.9,850,0,1
56,10315000,3.8,809,4,1
63,18335000,26.0,850,0,1
35,11046000,3.1,850,4,1
37,13123000,10.1,850,1,1
58,17465000,21.4,850,1,1
23,8484000,2.0,721,4,0
30,10730000,5.1,791,4,1
21,8533000,0.4,841,0,1
36,10381000,1.9,850,0,1
63,13513000,17.8,850,1,1
49,14517000,16.7,850,2,1
52,10853000,8.0,814,1,1
19,8234000,0.0,742,0,1
25,11683000,3.1,768,0,0
38,9761000,3.9,850,1,1
35,10703000,3.4,822,3,0
54,10992000,6.6,850,0,1
44,12925000,12.4,850,0,1
55,16371000,18.3,850,2,1
62,12991000,7.1,850,0,1
24,8545000,0.9,797,1,1
28,10755000,5.3,850,4,1
38,11721000,8.0,850,3,1
48,11485000,3.4,834,4,0
62,19720000,25.7,850,0,1
39,13068000,10.7,850,1,1
57,16968000,19.6,850,2,1
39,14389000,9.4,850,1,1
46,13550000,15.7,850,3,0
42,12312000,12.8,850,1,1
44,10433000,8.0,850,1,1
62,14541000,17.8,797,2,1
33,9594000,4.6,850,4,0
54,12225000,7.9,850,4,1
35,8708000,2.7,785,1,1
25,8766000,1.4,741,0,1
21,9300000,1.0,748,4,1
33,9691000,3.0,850,0,1
47,12509000,7.7,850,0,0
57,16271000,16.6,850,1,1
27,10265000,4.4,758,0,1
21,8212000,0.2,804,3,1
25,10899000,2.7,817,2,1
48,12917000,15.1,815,3,1
59,12597000,9.5,850,2,1
25,10474000,2.8,850,3,0
31,9167000,5.5,850,4,1
44,15491000,14.6,850,0,1
39,10470000,5.6,850,0,1
50,11837000,10.1,850,2,1
41,13388000,11.8,850,2,1
25,10375000,3.6,798,2,0
58,13717000,14.0,850,2,1
27,12325000,4.7,850,1,1
25,9743000,0.8,750,1,1
38,10370000,6.6,850,0,1
20,9360000,0.5,821,2,1
63,10554000,10.4,826,2,1
30,12748000,1.9,850,0,1
29,10154000,3.0,850,4,0
26,10483000,3.0,850,1,1
56,11561000,9.9,807,3,1
39,11981000,10.7,850,1,1
43,11619000,9.9,850,3,0
25,7346000,1.7,723,3,1
33,11212000,2.6,850,2,1
58,8858000,4.8,796,2,1
47,10287000,14.2,850,3,1
43,13629000,12.6,850,1,1
25,10095000,1.9,850,4,1
49,14158000,6.1,850,0,1
34,11305000,1.9,850,4,1
26,9443000,1.1,738,4,0
26,7943000,3.6,732,2,1
32,10789000,3.8,850,2,1
64,15352000,19.8,850,3,1
33,10682000,4.8,850,3,1
32,8026000,1.9,741,2,0
33,9397000,2.4,850,0,1
31,9642000,1.8,819,3,0
32,9518000,2.0,786,3,1
36,10735000,3.5,746,3,1
28,10590000,5.3,850,0,1
47,9411000,6.0,850,1,1
63,16542000,20.2,850,2,1
48,13595000,13.7,850,3,1
44,13716000,9.4,850,0,1
24,10799000,2.4,788,4,1
32,11897000,5.9,850,2,1
32,9450000,2.9,634,4,0
54,9611000,7.3,731,2,0
61,16706000,17.4,850,1,0
58,14566000,10.1,850,2,1
27,9805000,2.3,796,0,1
24,8674000,0.9,836,4,1
62,17144000,23.4,850,2,1
25,10344000,2.6,844,3,0
62,13323000,8.7,850,0,0
29,10215000,4.9,850,3,1
29,11408000,5.1,825,3,1
19,10491000,0.0,850,0,1
42,11908000,5.6,850,0,1
63,14809000,11.8,850,0,1
26,9636000,1.6,758,3,1
60,11378000,5.7,831,2,0
61,16634000,13.1,850,1,1
51,12500000,10.6,850,3,1
41,12734000,11.9,850,0,1
50,9508000,4.7,850,1,1
50,13592000,14.1,850,4,0
22,8369000,1.2,637,0,1
46,13505000,10.2,850,0,1
21,8277000,0.9,850,2,1
61,11225000,5.6,850,4,1
42,10257000,3.3,850,1,0
21,9796000,0.8,834,4,1
54,11028000,5.3,850,4,1
28,10713000,1.2,850,1,1
32,10911000,4.4,796,0,1
44,14072000,14.4,850,3,0
23,10755000,1.6,726,0,1
25,7597000,2.7,762,0,1
37,11915000,3.8,850,0,1
26,9140000,1.8,735,4,0
42,11114000,7.3,850,0,0
31,10870000,6.5,849,3,1
30,11931000,5.7,828,4,0
35,7803000,2.8,807,3,1
27,9218000,3.7,827,4,1
60,13869000,4.6,850,0,1
30,10683000,3.2,849,1,1
20,7667000,0.5,784,4,0
27,10539000,3.5,837,2,1
23,9287000,2.0,753,1,1
44,10332000,8.0,833,3,1
32,10225000,1.4,850,4,0
23,9580000,1.1,850,1,1
42,13191000,13.6,850,0,1
60,15414000,18.4,850,3,1
33,9441000,4.7,826,0,1
22,9827000,1.3,850,3,1
25,9641000,1.6,850,1,1
60,13151000,15.3,850,2,1
38,12752000,8.5,850,1,1
54,11004000,9.0,850,2,1
20,9817000,0.4,850,2,1
50,11375000,5.7,850,0,1
58,14126000,16.0,850,4,1
61,15964000,19.4,850,0,1
45,11925000,6.2,850,1,1
64,12693000,9.2,850,2,1
60,14227000,14.6,850,1,1
40,11014000,3.8,850,1,1
44,15909000,14.5,850,1,1
26,9970000,3.4,849,1,1
54,10995000,7.1,850,4,0
43,10653000,4.0,827,0,1
37,10503000,5.7,850,3,1
35,11189000,8.9,799,3,0
24,9011000,1.7,850,1,1
42,13560000,9.4,850,0,1
29,11466000,5.8,850,4,0
55,11166000,8.1,850,4,1
32,11244000,5.8,850,4,1
61,14547000,15.6,850,0,1
43,12081000,10.5,850,4,1
46,14591000,15.1,850,1,1
49,15477000,16.9,850,2,1
35,13644000,9.5,850,1,1
32,8776000,1.7,846,2,0
59,15844000,21.9,850,0,1
45,11927000,10.6,850,0,1
64,15295000,9.8,850,2,0
25,9962000,3.5,838,1,1
61,12986000,10.1,850,4,1
35,9095000,2.7,830,3,1
19,9105000,0.0,850,2,1
57,12392000,9.0,850,2,1
32,9849000,2.1,751,2,0
60,14375000,17.9,850,4,1
44,11706000,4.5,850,4,1
59,12418000,9.8,850,2,1
51,13255000,10.8,850,0,0
24,10669000,2.8,788,2,1
62,13206000,17.8,850,4,1
25,8426000,0.6,730,0,0
26,10826000,0.9,837,3,1
28,8739000,1.6,807,0,1
54,15683000,15.9,850,0,1
49,16111000,16.1,850,1,1
47,14067000,14.3,850,1,1
22,8957000,0.8,732,2,0
36,10099000,2.1,810,3,0
23,10643000,1.8,729,2,1
22,10364000,0.7,754,4,0
57,12314000,10.1,850,4,1
56,15380000,14.2,850,1,1
49,13574000,12.7,850,2,1
20,9460000,0.4,780,0,1
29,11412000,4.9,728,4,0
23,7529000,1.0,719,4,0
19,8578000,0.0,777,0,1
33,12499000,7.6,850,2,1
20,9461000,0.4,780,3,0
45,11316000,4.1,833,2,1
48,11352000,10.1,850,3,1
46,15853000,12.1,850,2,1
48,8889000,4.2,803,0,1
41,14737000,12.6,850,4,1
37,13308000,8.0,850,2,1
63,14757000,17.8,850,2,1
59,15468000,18.6,850,3,1
44,11798000,10.2,849,2,1
33,10096000,3.9,820,1,1
54,12656000,10.0,850,1,1
50,11752000,5.9,850,4,1
22,9931000,0.5,777,1,1
44,14468000,14.6,850,0,1
22,9263000,0.9,787,0,1
44,10606000,6.8,781,0,1
34,9493000,6.3,850,2,1
54,15840000,19.4,850,4,1
37,9706000,8.5,850,4,1
55,11067000,6.4,850,4,1
25,10775000,3.1,850,2,1
62,18335000,23.4,850,4,1
45,14987000,13.5,850,3,1
37,11113000,3.1,850,1,1
22,13312000,1.7,850,1,1
58,17847000,21.7,850,4,1
55,11104000,3.9,850,2,1
37,11845000,5.6,850,3,1
49,14284000,12.8,850,1,1
50,12584000,8.6,850,0,1
25,9862000,2.2,850,1,0
46,12183000,4.8,850,3,0
30,10432000,3.8,850,2,1
38,11900000,8.9,850,3,1
22,7460000,1.1,682,3,0
40,10627000,2.3,850,1,1
55,12805000,10.0,850,3,1
51,11267000,6.2,850,4,0
36,11421000,2.0,850,3,1
31,7646000,1.5,783,0,1
26,8728000,2.4,687,2,0
58,17279000,18.8,850,4,1
63,14851000,14.5,850,2,1
48,10412000,3.8,835,0,1
54,15998000,16.5,850,0,1
23,10765000,1.5,804,0,1
28,8320000,3.2,805,3,1
34,10602000,5.8,850,3,0
24,10238000,1.8,802,2,0
36,11454000,3.4,850,0,1
28,9478000,1.2,794,0,1
61,11114000,10.0,850,2,1
52,11504000,8.1,850,0,1
45,10853000,3.2,756,3,0
33,10357000,7.8,850,2,1
39,13122000,11.0,850,1,0
54,10708000,7.7,776,4,0
63,15384000,18.0,850,4,1
38,13404000,10.4,850,2,1
58,11269000,6.5,850,4,1
53,11225000,13.5,850,3,0
58,13094000,11.4,850,0,1
33,11472000,6.8,850,2,1
62,16691000,19.5,850,3,0
41,11622000,10.8,850,4,1
48,8634000,3.1,792,0,1
32,8639000,3.6,786,1,0
52,12854000,8.3,850,3,1
38,11214000,6.8,827,4,0
46,10292000,10.2,744,1,1
34,11014000,4.8,850,3,1
64,10430000,5.6,837,2,1
53,14107000,11.2,850,0,1
59,12610000,9.8,850,1,1
44,12966000,11.9,850,3,1
32,9745000,2.7,850,0,1
24,8130000,1.0,775,2,1
22,8287000,1.2,731,4,0
36,11417000,5.9,840,1,1
32,10452000,2.9,813,1,1
47,9885000,4.5,806,0,1
23,11442000,0.6,850,2,1
55,15386000,16.1,850,3,1
61,10642000,11.8,850,4,0
55,15870000,19.1,850,0,1
61,16275000,13.2,850,0,1
57,15403000,21.3,850,3,1
56,16761000,20.0,850,0,1
23,7938000,0.6,805,1,1
43,10235000,9.7,850,1,1
19,10561000,0.0,829,4,1
42,11843000,8.6,850,0,1
26,8929000,1.9,722,1,1
62,15665000,8.9,850,1,1
54,13683000,14.6,850,0,1
52,13365000,9.9,850,1,1
25,9311000,2.1,700,3,0
25,8691000,3.0,777,3,1
28,12244000,3.3,850,1,1
51,13172000,10.9,850,0,1
29,9458000,1.0,744,0,1
59,10372000,5.9,850,2,1
63,15423000,11.4,850,3,1
33,10977000,5.7,794,2,1
32,9806000,1.9,824,2,1
36,12831000,9.4,850,4,1
32,10657000,3.0,850,4,1
57,11229000,6.2,850,0,1
20,7424000,0.4,738,2,1
25,8926000,1.2,850,1,1
52,15045000,13.6,850,0,1
38,11469000,5.0,838,0,1
53,15840000,16.0,850,3,1
22,8297000,1.6,787,3,0
39,9698000,2.2,756,0,0
30,9523000,2.6,844,3,0
48,16329000,15.0,850,1,1
25,11164000,2.9,850,3,0
22,9579000,0.6,850,1,1
40,12379000,11.3,834,3,1
25,12582000,1.2,850,1,1
29,9952000,1.4,795,4,1
22,10269000,0.6,850,3,0
38,12678000,10.7,775,1,1
55,12633000,13.1,850,4,1
26,12868000,3.9,850,1,0
61,13653000,18.6,850,1,1
34,11599000,6.5,850,0,1
41,14696000,9.6,850,0,1
24,9325000,1.2,811,2,1
60,19531000,23.6,850,4,1
35,15028000,7.4,850,4,0
41,10151000,7.8,823,4,1
32,10611000,1.3,760,2,1
60,10148000,4.2,831,4,0
45,14825000,10.8,850,4,1
48,12587000,10.1,850,3,0
54,11835000,7.1,850,0,1
47,12354000,11.1,850,0,1
23,9164000,1.8,761,2,1
19,9395000,0.0,850,3,0
63,11129000,10.2,731,1,0
29,10234000,4.5,777,3,0
23,8842000,0.5,699,1,0
56,11547000,11.3,850,1,1
34,13300000,7.7,850,0,1
24,8457000,2.3,776,4,1
58,15378000,11.3,850,0,1
30,11129000,5.8,816,3,1
31,9535000,5.0,750,3,1
56,11780000,8.5,850,1,1
28,10861000,3.2,850,1,1
64,15655000,19.3,850,4,0
46,10533000,4.9,850,2,0
36,8945000,4.1,799,1,1
56,12310000,4.7,850,1,0
23,10582000,1.3,751,3,1
62,12178000,8.0,850,4,1
35,11975000,8.0,796,3,1
61,11481000,11.4,850,3,1
61,17473000,25.2,850,0,1
44,11292000,4.4,850,3,0
59,14408000,15.4,850,2,1
58,13894000,15.7,850,4,1
49,12875000,12.1,850,2,1
48,11656000,4.0,850,3,1
27,9416000,1.5,679,1,1
36,8806000,7.3,697,0,0
60,17539000,23.3,850,3,1
39,9511000,3.2,745,2,0
59,13113000,9.8,850,3,1
39,9483000,6.2,834,4,0
64,15745000,18.5,850,1,1
28,10849000,2.5,850,4,1
41,11574000,11.8,850,4,1
63,13544000,8.8,850,2,1
22,10567000,0.5,850,4,1
46,9909000,4.7,850,0,1
60,10659000,4.7,850,4,1
28,9596000,1.2,811,4,1
25,9459000,1.7,826,3,0
45,10780000,6.3,804,3,1
34,9505000,2.3,818,0,1
19,9618000,0.0,750,2,1
39,9592000,2.2,745,2,1
58,13593000,12.4,850,4,0
52,14859000,13.9,850,0,1
43,10885000,9.0,794,4,0
40,11335000,6.7,788,2,0
51,11838000,5.2,850,3,0
39,14199000,11.2,850,1,1
41,12846000,7.5,850,3,1
43,11696000,9.7,824,1,1
36,11015000,7.3,850,0,0
41,9741000,8.1,795,0,1
20,11505000,0.4,808,2,1
48,13433000,9.6,850,2,0
31,10465000,4.5,850,1,0
43,14928000,13.7,850,3,1
34,10500000,5.9,821,3,0
62,13593000,13.9,850,3,1
62,13286000,10.3,850,4,1
44,10947000,4.2,744,4,0
50,15675000,16.4,850,0,1
61,17458000,21.2,850,4,1
63,15173000,19.4,850,4,1
21,9633000,0.3,850,3,1
57,12488000,6.8,850,4,1
19,7543000,0.0,796,3,1
50,14761000,17.3,850,4,1
50,10225000,6.9,819,1,1
53,12227000,12.1,850,3,1
57,9641000,9.1,850,1,1
64,15860000,18.3,850,0,1
36,12189000,8.3,850,1,0
32,9868000,2.4,850,2,0
19,10285000,0.0,850,2,1
37,9668000,4.7,779,0,1
51,15386000,13.6,850,3,1
55,11115000,6.2,850,4,1
34,10678000,6.5,850,3,1
50,12892000,6.3,850,4,1
21,10031000,0.8,838,1,1
41,10943000,5.9,850,3,1
32,13612000,6.0,850,0,1
63,12054000,11.4,850,0,1
48,14159000,15.8,850,3,1
49,12669000,15.1,840,2,1
50,10243000,7.6,818,0,1
47,12985000,11.6,850,4,0
63,17286000,24.0,850,0,1
51,14779000,15.4,850,1,0
60,11141000,12.1,795,1,0
31,11803000,5.0,842,0,1
27,9862000,2.9,837,0,1
36,9761000,3.8,850,0,1
41,8847000,4.1,844,0,1
19,8124000,0.0,850,4,0
51,14591000,15.2,850,2,1
63,14017000,17.3,850,2,1
49,14145000,17.6,850,3,1
56,16579000,17.4,850,3,1
39,11760000,6.9,850,2,0
49,14921000,16.2,850,4,1
44,14100000,10.8,850,2,1
60,11906000,11.9,850,1,0
59,13730000,14.4,850,0,1
52,11315000,12.1,850,4,1
23,8471000,2.0,741,4,1
64,15424000,20.8,850,4,1
38,14038000,9.8,850,4,1
37,8660000,6.1,656,2,0
49,9701000,3.3,817,1,1
51,9435000,5.1,833,1,1
60,14281000,9.0,850,1,1
20,9375000,0.5,850,0,1
47,13807000,10.9,850,0,1
28,11039000,2.2,850,1,1
26,10437000,1.6,850,4,1
63,11534000,7.8,850,1,1
46,10880000,4.0,850,3,0
60,11553000,9.4,850,1,1
39,10732000,7.5,850,1,1
24,9891000,0.6,798,4,1
43,10447000,7.5,803,4,1
21,9182000,0.7,753,1,1
49,9956000,3.2,850,2,1
23,8560000,1.4,752,0,1
36,9105000,3.1,785,3,1
20,6474000,0.3,714,4,0
20,9520000,0.5,850,3,1
58,13141000,12.6,850,3,1
27,10851000,4.2,797,4,0
63,18113000,21.2,850,1,1
59,13123000,14.3,850,0,1
27,12154000,1.4,850,4,1
41,11616000,11.9,850,1,1
63,13369000,16.7,850,2,1
34,11249000,6.8,850,1,1
60,11453000,8.0,756,2,1
20,11108000,0.4,850,0,1
53,13417000,13.3,850,4,1
25,7089000,1.4,823,4,1
59,9789000,4.6,850,0,1
50,11642000,5.8,850,4,1
51,13738000,16.4,850,4,1
21,10440000,0.6,790,0,1
21,8112000,1.0,795,0,1
58,10833000,5.8,850,0,0
35,14018000,7.9,850,4,1
22,10354000,1.1,850,1,1
57,11023000,6.1,790,3,0
47,10310000,7.4,850,4,1
39,11193000,7.8,850,1,1
49,12348000,12.3,850,0,1
25,8944000,1.6,850,1,1
47,13670000,13.8,850,2,1
43,11235000,12.4,804,4,0
46,9868000,4.6,815,1,0
25,10000000,1.2,752,3,0
57,16706000,15.8,850,3,1
40,11972000,7.1,850,2,0
51,14083000,17.0,850,3,1
40,11167000,4.0,844,0,1
22,9657000,1.7,742,3,0
52,9643000,5.3,850,1,1
64,14082000,18.3,850,4,1
44,9613000,3.5,783,4,0
64,9391000,5.9,728,3,0
61,12136000,8.8,840,3,1
58,11617000,11.3,850,2,1
44,12421000,13.1,850,1,1
36,9176000,7.8,850,0,1
37,12679000,7.2,850,2,1
25,10781000,3.3,850,0,1
59,13501000,19.0,850,3,0
59,12724000,4.6,850,3,1
24,9434000,2.4,755,1,1
33,10949000,5.0,838,1,1
39,11955000,10.5,850,2,1
42,13388000,5.3,850,0,1
35,10335000,3.9,850,0,1
64,17244000,21.9,850,4,1
37,11022000,8.1,814,2,0
58,11848000,6.2,850,3,1
35,9227000,2.0,850,2,1
31,11476000,4.9,842,4,1
60,10940000,7.0,850,4,1
57,16358000,17.9,850,1,1
35,10826000,6.3,850,3,1
36,11384000,6.6,850,4,1
34,10447000,4.9,835,2,1
26,9609000,1.7,801,2,0
38,11272000,9.9,850,3,1
25,9605000,2.7,785,3,1
23,9862000,1.1,803,3,1
42,12469000,6.0,850,4,0
20,8808000,0.2,716,2,1
56,14577000,10.8,850,3,1
34,14241000,7.0,850,4,1
64,10186000,5.0,846,3,1
33,8704000,3.6,794,1,1
50,16136000,12.7,850,3,1
27,9905000,4.4,850,0,1
37,11070000,3.9,850,4,1
30,9465000,4.5,804,4,1
28,8184000,1.7,743,4,1
30,10504000,4.5,739,3,0
24,11187000,2.8,850,2,1
39,15513000,12.0,850,2,1
63,9531000,7.4,803,0,1
32,11075000,3.7,850,3,0
58,13295000,9.1,850,3,1
27,9137000,3.9,850,4,0
63,18862000,26.4,850,2,1
55,10993000,6.2,845,0,1
20,9516000,0.4,789,1,1
52,12375000,12.8,850,4,1
39,12577000,6.0,850,0,1
44,13177000,11.7,850,4,1
55,11957000,5.6,850,3,0
62,10861000,5.6,822,4,1
33,8319000,3.0,764,4,0
36,8684000,2.9,718,1,1
63,9704000,9.2,828,3,1
46,14012000,7.8,850,3,0
44,12418000,5.6,850,1,1
43,12977000,12.9,850,4,1
29,8513000,4.8,817,0,1
27,11186000,1.5,850,4,1
50,9409000,3.4,850,1,1
28,9444000,1.2,850,3,1
23,10554000,1.3,835,0,1
54,15328000,15.8,850,2,1
36,11463000,6.5,850,1,1
54,14992000,16.2,850,0,1
40,11856000,8.4,850,3,1
60,13655000,16.4,850,3,1
52,11144000,4.1,832,0,1
39,14396000,10.8,850,2,1
57,12806000,8.9,850,4,1
21,6750000,0.5,667,3,1
30,10793000,5.4,850,4,1
56,12739000,10.7,850,1,1
53,13977000,13.8,850,3,1
55,13194000,7.4,850,2,1
50,16288000,17.5,850,0,1
56,12758000,11.3,850,0,1
42,14521000,11.8,850,0,1
23,8531000,1.0,835,0,1
43,12093000,6.0,850,0,1
44,12007000,12.3,850,3,1
25,8890000,0.8,833,4,1
38,11333000,7.9,835,0,1
49,15962000,13.2,850,0,1
64,13930000,14.1,850,2,1
23,8501000,1.0,796,4,1
42,14025000,13.6,850,2,1
43,12964000,9.2,850,0,1
51,12353000,13.6,850,1,1
44,9954000,3.8,850,2,1
28,11045000,4.9,850,1,1
49,12060000,7.7,850,1,1
52,14068000,13.4,850,1,1
52,14061000,11.6,850,3,1
59,9573000,5.8,830,0,1
43,11759000,4.8,848,1,1
58,16977000,16.9,850,2,1
46,9586000,3.3,644,4,1
38,11722000,9.9,850,3,1
48,13727000,13.9,819,3,1
25,10908000,2.3,850,2,1
34,10992000,4.8,849,0,1
22,10258000,0.5,850,3,1
55,17200000,21.2,850,0,1
25,9831000,1.1,842,3,0
36,10352000,5.6,846,1,1
22,12830000,1.5,850,0,1
21,9858000,0.7,816,4,0
22,10935000,1.4,850,2,1
38,7477000,2.6,772,0,1
40,11605000,6.4,850,0,1
29,9549000,5.8,821,4,0
42,13524000,12.0,850,1,1
55,10245000,5.1,850,0,1
64,14383000,14.9,850,4,1
56,14934000,16.0,850,2,1
27,9963000,3.1,826,3,1
63,15930000,21.3,850,4,1
60,15731000,19.4,850,4,1
51,15346000,14.7,850,4,0
25,9409000,2.0,662,3,1
52,16482000,18.2,850,2,1
27,9213000,2.4,794,0,1
33,7492000,2.1,750,1,1
61,14781000,15.5,850,2,1
60,13221000,13.5,850,1,0
45,15536000,14.6,850,4,1
25,11111000,1.6,850,2,0
61,16179000,20.1,850,2,1
54,11370000,7.6,850,1,1
34,9167000,2.6,774,3,0
28,11749000,3.8,850,1,1
53,12376000,8.8,850,0,1
50,10492000,9.4,850,1,1
41,12616000,9.5,850,3,1
26,10521000,2.0,850,1,1
33,10654000,5.5,793,2,1
43,12966000,11.7,850,4,1
47,14310000,11.6,850,2,1
55,13814000,17.5,850,1,1
62,15177000,21.3,850,3,1
47,12818000,13.6,850,0,1
24,9560000,1.4,782,4,1
59,10610000,4.6,850,2,1
50,13004000,15.5,850,0,1
48,9893000,11.5,850,0,1
35,12075000,7.1,850,1,1
61,13681000,12.7,850,4,1
59,11035000,7.8,850,4,0
26,10021000,3.1,846,2,1
25,9617000,0.9,850,4,1
37,11363000,5.9,834,4,1
56,12340000,8.3,850,2,1
35,10880000,2.5,850,0,1
26,10313000,0.7,850,4,0
46,12021000,8.2,850,0,1
24,8593000,1.3,793,3,1
24,9772000,2.4,850,4,0
62,15855000,19.4,850,1,1
24,8720000,1.2,736,1,0
48,10100000,7.0,799,0,1
23,9023000,0.5,782,3,1
33,12567000,7.5,776,1,1
33,10880000,4.8,850,0,1
20,9596000,0.5,850,4,0
56,14043000,19.8,850,2,1
49,13178000,8.8,850,1,1
33,13155000,4.6,850,4,1
62,11765000,6.2,850,1,1
52,14561000,13.9,850,1,1
31,9192000,2.1,850,1,1
47,13218000,9.7,850,3,1
40,11445000,9.5,850,2,1
63,13914000,15.7,850,4,0
41,12239000,8.6,850,2,1
57,16089000,14.0,850,1,1
56,14307000,11.3,850,1,1
50,11212000,5.5,850,0,1
40,10402000,5.1,850,1,1
59,12544000,7.2,850,2,1
47,9801000,5.5,839,4,1
43,13163000,14.1,850,2,1
21,7115000,0.6,796,1,0
43,13946000,9.1,850,3,1
33,8906000,2.5,781,0,1
21,9262000,0.6,850,0,1
20,7498000,0.3,792,0,1
35,13635000,9.6,850,0,1
40,12020000,7.3,850,4,0
42,11873000,7.4,850,0,1
23,8470000,1.4,758,1,1
23,8938000,1.1,840,1,1
33,9758000,4.4,828,2,1
52,10497000,3.3,850,0,1
38,11036000,4.4,757,0,0
63,13047000,7.6,850,0,1
51,16346000,19.0,850,4,1
38,11269000,4.6,797,0,1
48,8690000,4.9,818,0,0
37,10346000,8.1,850,0,1
60,12279000,9.7,850,2,1
30,11081000,5.7,804,1,1
60,13383000,8.4,850,3,1
43,10522000,5.0,850,4,1
28,9423000,1.2,738,3,1
53,14904000,17.9,850,2,1
31,11289000,5.1,850,3,1
31,11488000,2.9,850,1,1
53,10839000,5.9,850,3,0
39,10993000,4.8,819,0,1
49,14524000,13.7,850,2,0
21,10451000,0.7,850,0,1
26,8938000,2.7,764,1,1
24,8626000,1.0,734,3,1
32,10748000,7.7,781,3,1
46,12768000,9.8,850,4,1
40,13146000,6.8,850,3,1
31,12346000,4.3,850,2,1
26,8608000,1.5,850,1,1
32,7852000,2.4,654,2,1
35,11598000,5.2,850,1,1
55,16315000,19.1,850,4,1
22,11451000,0.9,850,0,1
47,13097000,12.5,850,2,1
56,10607000,4.3,850,2,1
48,12047000,9.1,850,4,1
22,8773000,1.1,803,3,0
46,11365000,7.0,850,2,1
49,11465000,5.8,795,0,1
25,10028000,2.4,834,4,0
50,11079000,7.3,820,1,1
23,9256000,0.8,835,0,1
42,10792000,2.5,785,0,1
45,9699000,6.8,740,4,1
31,11306000,1.6,850,3,1
23,9964000,2.2,806,3,1
49,13197000,9.7,850,3,1
30,10739000,2.4,838,3,0
37,12884000,8.1,850,0,1
27,10289000,1.7,850,3,1
29,9285000,2.1,823,2,0
46,8059000,5.9,850,0,1
19,9951000,0.0,850,0,1
59,16102000,18.0,850,3,1
33,10698000,5.1,847,3,1
41,15228000,12.5,850,4,1
42,9675000,3.5,850,3,1
32,9069000,3.2,850,2,1
44,11032000,10.0,774,1,1
63,15557000,13.4,850,1,1
41,13546000,11.5,850,4,1
60,16413000,23.4,850,4,1
42,8808000,3.8,850,0,1
24,9558000,2.6,779,0,1
63,16757000,21.5,850,0,1
56,18466000,22.2,850,1,1
22,12571000,1.1,850,2,1
31,11542000,5.6,787,1,1
63,10347000,7.8,850,3,0
25,8085000,3.2,611,0,0
43,12629000,4.7,850,3,1
30,14013000,4.5,850,2,1
28,10407000,5.0,850,2,0
21,9005000,1.0,769,4,0
34,11092000,3.7,850,4,0
19,9429000,0.0,821,1,1
62,13540000,9.5,850,4,1
59,19201000,23.6,850,4,1
27,9711000,3.6,850,0,1
44,14131000,14.5,850,0,1
37,12362000,4.0,850,3,1
51,12389000,8.9,850,3,1
49,16213000,17.9,850,0,1
52,12989000,10.4,846,2,1
29,11723000,3.4,793,4,1
60,16917000,20.5,850,2,1
37,10320000,2.7,718,2,1
35,10647000,4.0,850,2,0
55,14797000,18.9,850,4,1
56,14452000,18.2,850,1,1
20,11543000,0.4,832,0,1
19,10561000,0.0,850,0,1
38,12022000,10.1,850,2,1
61,15105000,16.2,850,3,1
19,7668000,0.0,691,4,0
21,8424000,0.3,837,3,1
27,10803000,1.3,850,1,1
64,17921000,23.9,850,2,0
44,10516000,7.4,813,3,1
20,9478000,0.4,826,3,1
47,12446000,8.7,818,2,0
42,13366000,11.5,850,1,1
45,12377000,6.8,829,4,1
21,8121000,0.7,804,2,1
39,12169000,10.0,850,3,0
59,14935000,20.0,850,1,1
55,13295000,14.0,850,2,1
54,15778000,11.6,850,4,1
37,10566000,6.4,850,3,1
48,13923000,15.5,850,3,0
64,13807000,13.6,850,1,1
26,9713000,3.2,813,2,1
57,12955000,9.2,850,4,0
49,9951000,7.4,850,0,1
27,10218000,4.0,850,1,0
48,15227000,16.9,850,0,1
43,13366000,10.0,850,0,1
30,11435000,3.3,850,0,0
60,10066000,8.3,794,2,0
42,12295000,9.9,850,1,0
47,12034000,8.1,850,3,1
32,8014000,1.9,789,3,1
62,16789000,18.2,850,2,1
23,10698000,2.3,850,4,1
34,10427000,4.9,844,4,1
22,9923000,1.0,789,2,1
32,11146000,1.7,850,1,1
50,11535000,12.5,813,3,0
53,13315000,13.6,850,4,0
19,10326000,0.0,821,0,1
62,16108000,20.2,850,4,1
58,11970000,6.6,850,4,1
53,10227000,7.5,850,4,1
53,11411000,13.6,833,3,0
28,10474000,4.0,850,3,1
43,10625000,2.8,850,2,1
49,7547000,5.4,750,0,0
40,10691000,7.5,850,4,1
25,8900000,1.6,777,2,0
58,13878000,14.8,850,4,1
25,8844000,1.3,728,4,0
45,11711000,4.3,850,3,1
19,7363000,0.0,716,3,1
56,11016000,4.1,850,0,1
49,15870000,17.0,850,0,1
46,9995000,7.1,850,2,1
19,10614000,0.0,850,4,1
52,15162000,19.5,850,4,1
51,13141000,9.6,850,3,1
61,11512000,8.0,850,4,1
45,12218000,14.5,850,4,0
55,13271000,11.0,850,4,1
27,8932000,2.5,740,2,0
45,15119000,15.4,850,1,1
56,13554000,8.3,850,1,1
49,13830000,16.4,850,2,1
34,12206000,4.7,850,2,1
38,9212000,2.8,832,0,1
62,11393000,8.2,815,2,1
51,10021000,8.3,850,1,1
43,11694000,7.8,850,4,1
41,11890000,4.9,849,2,0
38,10018000,3.1,780,1,1
32,10593000,3.0,850,4,1
38,12440000,8.7,850,3,1
38,10698000,2.9,807,3,0
62,11380000,9.8,811,1,1
38,12984000,3.7,850,2,1
61,13440000,13.3,850,4,1
61,11647000,5.0,850,2,1
55,12974000,7.6,850,2,1
54,13826000,9.8,850,4,1
51,11554000,10.9,843,3,1
27,10119000,3.9,840,2,1
45,13122000,11.4,850,3,1
43,13548000,11.0,850,2,1
26,8805000,3.9,850,4,1
19,8123000,0.0,764,2,1
26,9813000,2.3,817,3,1
19,7511000,0.0,788,1,1
63,15699000,14.7,850,1,1
33,10241000,3.7,850,1,1
49,11434000,3.4,844,4,1
53,12741000,10.5,850,4,1
22,8753000,1.0,812,4,1
56,15616000,20.6,850,4,1
43,10194000,2.6,833,3,1
26,9670000,2.9,799,3,1
34,9257000,3.9,798,3,0
48,9827000,3.3,850,4,1
38,11594000,8.4,850,3,1
22,10757000,1.6,850,4,0
33,13459000,7.2,850,1,1
36,11805000,7.0,850,2,1
39,10290000,6.7,824,2,1
39,11680000,7.7,786,3,1
27,9912000,4.0,716,1,0
32,9748000,2.6,771,4,1
32,9380000,4.1,837,3,1
61,14378000,17.5,850,3,1
57,13938000,11.5,850,0,1
40,9619000,3.9,830,3,1
43,12887000,10.8,850,4,1
24,10934000,1.4,850,1,1
32,10381000,4.9,850,3,1
60,12434000,7.4,850,1,1
52,14440000,13.3,850,0,1
34,11596000,6.6,850,0,1
41,13862000,12.9,850,1,1
32,13051000,6.2,850,2,1
62,10806000,5.2,850,0,1
46,14026000,15.9,850,0,1
36,11384000,7.3,832,4,1
53,13695000,9.2,850,2,1
44,15455000,14.8,850,2,1
22,9648000,0.9,711,4,0
40,12505000,3.2,850,4,0
36,13681000,9.1,850,1,1
32,10885000,3.1,830,2,1
32,12811000,6.1,850,1,1
58,14387000,15.0,850,2,1
20,10037000,0.2,812,3,1
41,10410000,7.9,850,0,1
23,9509000,1.2,827,1,1
39,11097000,6.9,850,4,1
53,9788000,5.9,850,4,1
56,12435000,14.2,850,1,1
52,12229000,8.7,850,4,1
33,11525000,4.1,850,3,1
54,9510000,6.3,777,2,1
54,11140000,10.5,842,3,0
40,12445000,10.1,850,0,1
62,11521000,6.1,850,4,1
21,10001000,1.0,740,0,0
64,14564000,12.9,850,1,1
62,12827000,13.2,850,3,1
20,12141000,0.4,850,4,1
63,14945000,14.7,850,4,1
37,9346000,5.5,836,1,1
20,12513000,0.6,850,4,1
38,13427000,11.3,850,2,1
50,12257000,12.3,850,0,1
49,14735000,16.8,850,1,1
55,13522000,10.3,850,2,1
44,13475000,7.0,850,1,1
33,11979000,5.0,850,2,1
42,9048000,2.7,817,0,1
42,10674000,3.5,850,2,0
19,10184000,0.0,850,3,1
30,10217000,1.4,850,1,1
38,10308000,7.0,850,3,1
33,10617000,2.8,838,0,1
58,12212000,8.5,850,0,1
48,10757000,3.2,826,2,1
26,9623000,3.9,850,1,1
52,13585000,13.6,850,1,1
57,11022000,5.9,850,3,1
25,10752000,2.6,850,0,1
52,14859000,13.5,850,4,0
34,10521000,7.5,767,4,1
59,13265000,20.9,850,0,1
41,9758000,3.5,838,4,1
52,11313000,5.4,850,4,1
55,11307000,10.9,815,3,1
53,16845000,16.4,850,1,1
47,10430000,5.3,850,1,1
44,10736000,5.8,850,1,1
51,13742000,16.4,850,4,0
62,13411000,8.4,850,0,1
28,9473000,3.3,775,0,1
22,9560000,1.5,831,3,1
40,13289000,8.4,850,1,1
55,16080000,17.3,850,2,0
54,9989000,6.1,850,0,1
35,11457000,6.2,850,1,1
58,16960000,14.1,850,3,0
44,12732000,12.2,850,4,1
48,12867000,13.7,850,2,1
39,11363000,9.6,822,4,0
63,15151000,15.3,850,4,1
27,10704000,3.4,786,2,1
40,12879000,9.6,850,0,1
44,11931000,7.9,850,3,1
38,13187000,10.9,850,1,1
46,12687000,9.1,850,2,0
30,11352000,2.9,850,4,1
60,12612000,7.8,850,3,1
33,10776000,2.4,850,3,1
62,12858000,14.4,850,3,1
29,9630000,2.9,850,1,1
54,13189000,11.8,850,4,1
26,11787000,4.0,826,1,1
40,11011000,3.3,850,2,1
45,14601000,13.7,850,3,1
24,8812000,2.5,850,2,1
43,10653000,5.6,850,0,1
27,11400000,4.4,799,3,1
61,15906000,21.4,850,3,0
46,14273000,11.3,850,4,1
19,7734000,0.0,674,2,0
21,9469000,0.5,821,2,1
23,11040000,1.5,787,2,0
54,13399000,10.4,850,2,0
44,9510000,9.9,767,0,1
41,10115000,5.9,792,4,1
45,11726000,5.2,827,2,1
36,7132000,3.8,774,3,1
51,11099000,9.7,815,3,0
32,11497000,5.4,850,2,1
37,11388000,7.1,850,1,1
57,11896000,6.3,850,4,1
39,9560000,4.8,801,1,1
40,10128000,2.4,848,0,1
38,9406000,2.9,850,0,1
39,12157000,7.1,850,4,1
30,11267000,1.5,850,1,1
28,10907000,3.5,845,2,1
26,9949000,3.3,733,2,1
45,12340000,12.6,850,3,1
57,14364000,12.9,850,1,1
22,8507000,1.5,829,4,1
28,8894000,1.7,829,2,1
26,9417000,1.3,850,4,0
63,18345000,24.6,850,3,1
50,13755000,16.2,850,4,1
19,7228000,0.0,680,2,0
38,13033000,11.0,850,4,1
38,11987000,9.3,839,3,1
59,12501000,8.5,850,1,1
49,12602000,11.5,850,0,0
48,11356000,6.9,802,4,1
28,9815000,1.8,850,2,1
53,9558000,5.3,846,1,1
58,16128000,22.5,850,1,1
21,10090000,0.7,850,1,1
44,14960000,14.3,850,4,1
49,15214000,15.5,850,0,1
21,10926000,1.0,801,3,0
28,10209000,1.2,822,1,1
33,11107000,7.9,850,3,1
38,10942000,6.8,850,1,1
61,13539000,13.9,850,1,1
22,8517000,1.1,757,3,0
39,10041000,7.2,750,0,1
21,8707000,1.2,806,1,1
51,14825000,14.8,850,3,1
30,10169000,4.8,818,1,0
45,11852000,5.0,850,0,1
19,8200000,0.0,771,1,1
55,14559000,10.1,850,0,1
26,8840000,1.6,793,1,1
26,8749000,2.3,817,2,1
34,10825000,7.9,850,1,1
63,17937000,25.1,850,4,1
22,10452000,0.4,850,4,1
59,15333000,18.9,850,3,1
52,12985000,10.5,850,0,1
29,12320000,4.2,813,4,1
62,11509000,8.2,816,2,1
33,10967000,1.6,850,0,1
36,11611000,9.1,850,0,1
42,12986000,12.5,850,3,1
60,15402000,18.1,850,2,1
60,13029000,11.4,850,1,1
41,9135000,2.9,850,0,1
36,10603000,8.2,786,2,1
31,9682000,1.4,850,1,1
56,13501000,14.8,850,2,0
58,16026000,21.0,850,4,1
49,13673000,17.8,850,2,1
55,14369000,12.2,850,0,1
35,10948000,8.7,807,1,1
58,14509000,13.3,850,4,0
49,14160000,9.9,850,4,0
36,12466000,9.4,850,4,1
61,12570000,7.6,850,4,0
41,10252000,5.2,807,2,1
56,13550000,14.2,850,0,1
63,17297000,24.6,850,3,1
42,14451000,13.2,850,3,1
43,11210000,3.6,850,1,1
56,13935000,13.4,850,0,1
45,12332000,13.8,850,1,0
47,14379000,15.1,850,3,0
57,13200000,13.0,850,4,1
42,6479000,5.0,747,4,0
61,14836000,13.2,850,0,1
59,17990000,21.2,850,0,1
52,10130000,5.3,804,4,1
37,12957000,9.3,850,1,0
61,17079000,18.6,850,3,1
48,12514000,14.3,850,3,1
54,16603000,20.5,850,2,1
49,14181000,16.2,850,0,1
43,10808000,4.8,850,2,1
