age,income,lama_bekerja_tahun,skor_kredit_internal,jumlah_pinjaman_aktif,target,jumlah_tanggungan
23,3674000,1.7,657,4,0,3
54,9548000,20.3,850,3,0,2
49,4793000,8.6,614,2,0,3
39,3685000,6.3,624,4,0,2
38,6302000,9.6,721,2,1,0
58,7271000,13.8,835,3,0,2
22,2667000,1.4,500,0,0,3
51,8567000,10.6,731,1,1,3
28,3566000,1.9,787,4,0,3
23,5189000,1.9,657,2,0,2
43,3760000,4.0,512,2,0,1
63,6374000,8.8,678,4,0,2
52,7693000,13.6,590,1,1,2
54,6773000,16.6,740,1,0,1
52,11049000,18.1,850,0,1,3
55,5813000,8.5,639,1,0,2
42,5156000,3.6,644,2,0,1
24,3113000,2.9,659,3,0,1
57,5147000,6.7,567,1,0,0
39,3360000,4.0,533,2,0,2
42,6478000,5.7,702,1,0,1
36,5544000,6.2,640,4,0,3
27,4945000,4.3,647,2,0,1
61,11700000,20.2,814,0,1,0
54,9953000,15.9,845,3,1,2
48,5808000,5.4,685,1,1,1
37,3044000,5.0,634,4,0,1
56,6575000,12.6,731,1,1,1
44,3300000,4.3,622,4,0,2
39,5518000,4.7,597,3,1,1
39,4990000,5.1,696,0,1,3
29,1891000,1.6,543,3,0,1
23,3299000,1.5,600,3,0,3
44,5162000,11.3,735,2,1,3
59,4826000,5.4,618,0,1,2
21,1500000,0.7,631,2,1,1
58,10355000,19.2,850,3,1,2
57,9754000,18.0,850,0,1,3
31,7425000,6.1,689,1,1,3
48,7307000,9.4,612,3,0,0
26,3753000,3.6,690,2,1,0
53,6607000,7.5,727,4,0,1
51,4473000,9.0,604,1,1,1
35,2895000,3.0,667,3,0,2
22,3750000,1.0,573,2,0,0
63,4960000,13.0,640,1,0,1
39,4495000,4.4,681,4,0,3
60,8601000,19.5,720,3,0,3
50,5922000,8.0,691,2,0,0
54,4612000,8.3,719,1,0,1
53,5469000,5.6,695,4,0,1
27,3933000,2.6,706,0,1,2
35,6080000,4.0,771,0,0,3
40,5108000,6.0,671,0,0,2
41,3758000,4.8,485,3,0,2
21,3054000,1.0,535,0,1,2
44,6322000,14.1,757,3,0,1
26,4327000,2.4,551,0,1,2
53,8713000,14.3,771,3,0,0
50,11738000,16.5,850,3,1,2
61,11074000,25.2,850,4,1,3
53,7509000,13.8,716,1,1,0
35,5354000,8.7,640,0,0,0
63,11795000,24.4,850,3,1,0
37,6573000,8.9,740,2,0,0
33,4546000,4.6,642,4,1,1
60,6334000,5.8,774,0,1,1
36,2890000,1.8,548,2,0,0
22,4533000,1.0,658,0,1,3
40,6201000,7.3,733,2,0,0
55,6801000,10.9,703,0,1,1
27,3707000,3.1,674,3,0,1
40,8677000,7.9,798,3,0,2
24,2930000,2.6,645,0,1,2
50,5038000,4.8,680,2,0,1
40,3675000,4.5,645,2,0,1
34,7733000,7.4,720,3,0,2
29,5884000,5.2,658,2,0,3
44,7401000,14.9,820,2,1,1
49,9250000,16.1,846,4,1,3
62,11499000,23.4,822,2,1,3
39,4165000,5.1,650,4,0,1
26,4645000,2.1,512,4,0,3
57,6582000,8.9,685,4,0,0
47,7214000,11.3,798,4,1,2
51,9320000,18.2,803,3,1,2
23,3902000,1.1,637,2,0,1
33,5130000,5.3,490,2,0,2
54,6116000,8.7,680,1,0,1
57,4681000,7.0,676,4,1,3
39,6433000,4.0,742,3,0,1
56,3419000,4.8,672,4,0,2
57,11143000,21.8,850,3,1,2
36,4401000,5.1,637,2,1,1
60,12531000,21.2,838,1,1,3
32,3911000,5.7,618,4,0,3
30,2888000,2.2,521,3,0,2
50,3866000,5.8,518,4,0,2
48,8533000,14.7,719,2,1,1
25,1842000,1.4,652,2,0,2
57,9846000,21.2,812,0,1,3
28,1500000,1.5,563,0,0,2
56,8959000,16.2,768,3,1,1
19,2400000,0.0,473,1,0,3
55,3944000,7.8,688,0,1,1
55,7313000,8.6,613,3,1,3
54,8571000,20.4,752,3,1,0
49,6406000,7.0,710,0,1,1
40,4469000,6.6,663,2,0,2
51,8457000,10.1,738,2,1,0
31,4844000,2.7,551,0,1,2
54,7775000,17.1,711,3,0,1
44,6135000,12.1,660,1,0,2
40,5862000,6.1,649,4,1,3
42,6850000,11.9,787,0,1,1
45,4687000,5.4,583,4,0,0
20,4562000,0.1,670,0,1,0
25,2907000,2.3,606,3,0,3
30,5420000,6.6,738,3,0,1
24,4356000,0.6,637,2,0,2
39,5406000,4.1,728,1,1,0
49,6588000,10.8,709,0,1,2
49,7938000,15.1,791,1,0,3
40,1963000,3.0,475,3,0,0
58,5793000,11.6,535,3,0,3
45,7687000,12.3,779,0,1,0
22,3150000,0.9,631,0,1,1
54,5470000,6.8,711,2,0,1
45,6032000,5.1,670,2,0,1
48,4655000,8.8,745,4,0,2
45,5797000,8.8,666,3,0,3
44,7881000,13.3,788,2,0,1
23,2750000,1.7,627,2,0,0
44,8603000,11.1,850,3,0,1
55,11545000,21.3,850,2,1,1
32,4748000,4.0,619,3,0,1
46,7988000,8.1,676,0,0,3
20,1500000,0.6,643,4,0,2
34,4146000,3.3,663,4,0,1
39,6695000,9.3,750,2,0,1
64,9428000,21.5,850,2,0,0
28,3816000,1.3,647,2,1,2
31,3072000,4.0,524,4,0,0
37,5089000,3.6,658,0,0,1
64,7314000,8.7,685,1,0,0
58,7842000,12.9,738,3,0,3
20,1500000,0.2,526,3,0,3
29,3590000,5.0,584,1,1,3
56,10853000,20.5,778,0,1,2
21,3375000,1.0,708,2,0,2
58,2952000,9.1,616,3,0,1
31,5471000,2.8,669,3,1,2
61,6489000,9.5,762,0,0,0
32,2787000,2.2,621,0,0,1
38,8009000,10.9,784,1,1,2
49,5337000,9.0,719,2,0,2
24,2559000,1.1,593,0,1,1
44,8015000,13.1,807,0,1,3
42,7552000,6.9,797,2,1,1
55,6418000,4.2,724,1,1,0
64,6267000,8.1,696,3,0,3
49,7965000,12.6,850,0,1,0
37,7030000,8.8,706,4,0,1
37,2787000,3.7,616,0,1,1
38,7483000,10.6,774,2,1,0
56,8909000,19.4,760,4,0,1
33,5937000,7.3,649,3,0,3
26,3252000,1.5,587,4,1,3
34,4266000,1.9,613,0,0,1
20,3317000,0.5,523,3,0,1
23,1500000,1.0,511,0,0,1
23,3775000,1.6,642,3,0,3
54,9651000,16.8,850,1,1,3
52,5425000,5.4,714,3,0,2
51,8372000,15.7,623,0,0,1
40,9171000,12.0,844,4,1,3
51,8589000,14.9,753,2,1,1
26,4295000,2.2,670,2,1,1
60,11988000,22.1,850,2,1,1
42,6375000,8.4,701,0,1,2
62,9027000,20.3,795,1,0,0
26,1500000,3.6,549,3,0,3
41,6067000,10.4,783,4,0,3
51,6643000,7.8,720,4,0,0
41,3801000,3.5,692,2,0,2
39,5501000,4.4,740,1,1,1
26,4053000,2.5,675,2,0,1
36,6646000,6.0,614,2,0,2
29,4011000,3.9,701,1,1,2
32,4926000,3.9,637,1,1,1
50,8962000,15.3,842,4,0,0
47,10262000,15.6,784,1,1,3
46,3052000,6.0,531,0,1,0
35,5075000,7.5,788,3,1,3
63,10773000,19.3,802,3,0,3
23,5345000,1.4,747,1,1,2
34,4303000,2.9,651,3,0,1
24,3524000,2.5,592,4,0,0
34,6954000,8.7,729,4,1,3
63,11147000,20.3,794,3,0,1
35,5683000,8.9,689,2,0,2
60,11901000,24.3,832,0,1,1
41,6552000,6.1,695,2,0,2
51,9959000,13.4,850,4,0,2
40,6376000,7.1,728,4,0,0
31,5538000,7.1,596,3,0,1
54,4720000,5.1,708,4,0,2
63,8394000,13.5,779,2,1,0
31,5136000,6.5,639,0,0,0
54,6203000,8.5,752,2,1,2
31,3796000,5.9,617,1,0,1
51,7811000,9.3,690,4,0,1
55,9052000,21.2,850,3,0,3
39,6261000,10.8,708,2,1,1
52,6022000,8.3,696,1,0,2
31,7419000,5.8,723,0,1,1
22,2773000,0.8,663,0,1,1
23,2761000,1.6,561,1,0,3
39,5349000,8.6,586,1,0,1
60,12376000,21.1,850,1,1,1
24,1500000,0.6,630,4,0,0
39,3267000,4.2,659,3,0,2
51,11388000,14.6,850,2,0,2
28,4899000,3.4,746,0,1,0
52,5698000,11.5,735,4,0,2
33,3580000,1.8,603,3,0,3
56,6616000,10.1,711,2,0,2
45,8845000,13.8,815,2,1,3
44,6222000,2.9,657,2,0,1
27,4306000,2.4,644,4,0,1
40,6552000,12.0,737,3,0,3
58,5660000,4.9,587,2,0,3
19,2162000,0.0,561,3,0,2
53,4490000,7.8,631,4,1,2
41,4983000,11.7,728,1,0,1
52,6582000,15.6,609,4,1,2
49,7629000,16.3,731,3,0,1
38,2987000,4.0,571,0,1,1
33,5161000,5.1,730,4,1,1
47,6356000,13.7,709,3,1,2
25,1500000,1.3,658,1,1,2
45,3707000,5.6,663,1,0,1
23,2609000,0.5,562,4,0,2
48,8153000,16.8,786,4,0,2
47,9268000,12.7,788,0,1,1
22,2719000,1.3,642,3,0,1
53,9657000,16.0,742,0,1,1
38,5427000,7.0,631,1,0,3
55,7219000,12.2,768,2,1,1
20,2103000,0.3,644,1,1,2
27,4119000,3.4,505,2,1,2
41,3622000,4.4,703,2,0,1
27,4744000,4.4,650,2,0,3
34,5377000,7.6,566,4,0,1
49,4736000,8.2,478,0,1,2
25,4995000,2.3,575,3,0,2
50,5367000,5.3,678,1,1,1
23,3267000,2.3,605,0,0,3
27,4715000,4.4,695,2,1,2
46,8184000,15.1,740,1,0,0
55,5319000,9.6,611,0,0,0
26,3540000,1.3,593,2,1,0
32,3200000,2.7,609,4,0,1
61,4001000,6.1,647,2,0,1
64,3573000,7.2,572,3,0,2
45,3795000,3.5,681,0,0,0
39,7845000,11.9,724,0,1,0
34,2901000,2.1,545,1,0,3
47,7670000,4.7,723,3,1,0
46,8928000,13.9,850,4,1,2
32,6350000,5.1,704,0,1,1
20,4129000,0.5,596,2,0,3
25,6098000,2.5,759,1,1,0
63,10386000,23.8,850,3,0,3
38,2727000,8.0,603,1,0,2
41,5230000,7.9,748,2,0,0
40,7030000,9.6,796,4,0,2
55,7277000,11.7,706,2,0,3
21,3506000,0.5,618,3,0,1
22,4935000,1.0,588,3,0,1
31,4228000,2.2,629,2,1,1
41,7809000,11.0,723,1,1,0
49,4288000,6.9,619,4,0,1
41,3051000,3.9,557,1,0,3
39,6512000,4.5,700,4,0,1
62,10961000,22.4,850,4,1,3
26,2917000,1.9,590,2,0,2
45,6279000,11.5,597,4,0,3
43,6666000,12.7,677,3,1,3
40,3164000,2.9,514,3,0,3
56,7725000,17.9,772,0,1,0
31,2249000,3.0,605,0,0,3
62,5916000,9.0,713,0,1,0
34,4633000,6.7,607,0,1,1
44,9194000,13.9,821,4,0,3
42,5347000,5.7,650,0,1,0
58,8568000,15.0,717,0,1,3
39,3823000,4.9,672,4,0,0
32,4570000,4.9,701,1,0,0
19,3433000,0.0,671,4,0,2
35,6134000,6.5,668,4,0,3
57,8347000,15.6,849,2,0,1
19,4295000,0.0,614,4,0,0
60,9415000,18.3,850,4,0,2
43,7626000,10.5,724,0,0,3
25,3322000,2.6,597,0,1,3
32,1500000,1.8,405,1,0,3
44,6157000,8.1,687,2,1,1
33,5375000,4.3,685,3,0,3
23,3900000,0.6,605,0,0,3
49,5712000,6.3,796,0,1,0
49,5942000,9.6,628,1,0,2
24,2872000,2.4,562,1,0,1
31,4572000,2.6,598,4,0,3
30,5507000,5.7,650,1,0,0
49,6247000,11.2,770,4,1,2
52,9861000,15.8,850,0,1,1
52,5826000,11.1,652,0,0,3
62,7550000,15.0,708,4,0,3
54,9969000,14.3,763,1,1,1
33,6807000,7.9,805,0,0,3
23,3060000,1.4,669,2,0,3
47,6915000,10.2,724,0,1,0
61,9066000,16.8,718,0,1,1
63,6915000,20.6,652,2,1,3
29,2402000,1.4,590,2,0,0
29,4199000,3.6,673,2,0,1
20,2677000,0.3,465,2,0,2
25,4487000,3.4,630,0,1,2
44,7400000,8.7,844,1,0,0
44,5554000,8.4,672,1,1,0
36,5196000,9.9,763,1,0,3
33,5000000,4.6,706,2,0,1
57,5128000,7.2,606,1,0,2
40,4353000,4.4,628,3,1,2
56,4575000,5.5,645,4,0,1
63,7230000,4.4,684,3,0,2
33,1851000,4.4,504,1,0,3
28,4074000,4.4,726,2,1,3
62,10031000,20.1,776,2,1,3
48,3253000,3.4,673,3,0,2
32,5830000,5.0,668,1,0,1
47,5726000,5.0,689,0,1,3
42,7528000,13.1,785,3,0,2
60,5300000,7.5,641,3,0,1
30,4441000,4.5,682,0,1,1
64,7004000,11.8,611,3,0,2
62,9241000,18.1,834,0,1,0
27,3614000,2.4,472,3,0,1
26,4493000,3.4,636,3,0,0
43,5724000,5.2,742,0,1,1
21,1909000,1.1,601,3,0,3
32,3349000,4.6,534,0,0,2
39,4262000,9.6,572,1,1,1
63,12125000,23.1,850,3,0,1
64,12750000,27.0,850,1,1,1
25,4061000,1.3,513,4,0,0
60,4785000,10.0,659,4,0,1
23,5457000,0.9,701,4,1,0
53,5034000,7.9,651,0,0,1
57,8417000,14.9,812,0,1,0
59,12390000,23.9,850,0,1,1
29,3916000,6.0,598,2,0,3
60,7559000,14.9,636,2,0,3
24,3950000,2.1,640,3,0,2
42,10699000,12.2,799,1,1,2
40,7526000,11.9,716,0,1,0
33,5908000,2.8,726,3,0,2
20,4587000,0.4,738,3,0,3
54,9777000,18.1,824,3,0,3
34,3143000,3.8,638,1,0,3
49,7632000,9.6,668,2,1,0
37,4947000,10.7,680,4,0,2
36,8456000,10.1,778,3,1,3
59,10975000,22.1,850,4,1,0
23,1500000,2.0,518,2,0,0
52,5286000,7.7,662,0,1,0
53,6900000,8.9,794,3,1,0
36,4956000,6.4,660,2,1,0
31,5468000,4.6,616,0,0,2
19,1980000,0.0,719,0,1,2
62,7733000,18.0,693,1,1,1
62,7499000,13.1,746,0,1,0
30,4858000,5.2,683,3,1,2
20,2687000,0.3,606,3,0,1
24,4928000,1.3,653,1,0,3
22,2155000,0.5,561,0,0,1
57,5966000,7.4,685,0,1,3
60,10607000,21.5,787,4,1,1
26,1937000,2.3,694,1,0,0
53,3972000,7.3,619,0,0,0
27,4344000,3.8,681,3,0,2
35,7477000,6.0,729,4,1,3
46,4745000,3.0,637,0,0,1
52,3904000,8.5,603,4,0,3
59,1892000,7.5,470,3,0,2
21,4195000,0.9,630,1,0,1
28,3620000,2.1,596,3,0,2
31,4930000,1.6,735,2,1,2
33,2573000,1.8,514,3,0,3
64,9580000,17.6,785,0,1,3
54,5380000,3.9,625,1,0,1
33,5018000,7.3,754,3,1,0
63,5219000,7.8,622,4,0,2
41,6145000,8.9,739,0,0,0
42,6241000,7.4,766,1,0,2
38,5118000,6.1,662,3,0,2
25,4449000,0.8,566,4,0,2
61,9831000,21.1,746,3,1,2
19,1500000,0.0,602,3,0,3
27,5652000,0.8,613,1,1,2
29,2939000,1.9,621,0,1,1
31,4628000,6.6,661,3,0,2
25,3691000,2.2,646,3,1,3
19,3081000,0.0,631,2,0,1
50,4706000,6.2,601,2,1,0
63,9594000,18.9,761,1,1,1
24,3757000,2.3,668,2,0,2
32,5030000,5.2,630,1,1,3
42,4826000,13.3,496,2,1,2
61,10367000,14.6,850,0,1,3
50,5553000,7.8,623,3,0,2
54,7862000,11.9,790,1,0,2
45,3901000,7.3,714,3,1,1
38,3835000,4.0,629,2,0,2
28,2578000,1.1,646,4,0,2
58,8544000,10.8,794,1,1,0
55,8037000,16.4,850,1,0,0
20,3945000,0.1,568,1,0,1
51,5789000,10.2,692,3,0,0
22,2912000,1.3,637,0,0,3
52,7395000,13.4,735,3,1,3
56,10876000,18.1,850,4,1,1
25,1782000,3.0,533,3,0,1
38,4466000,8.7,773,0,1,3
24,1500000,0.8,677,2,0,0
45,4775000,8.8,676,2,0,0
61,7941000,16.9,798,1,0,2
22,1500000,0.7,622,2,0,2
37,2889000,2.2,525,3,0,1
63,3837000,9.3,549,4,0,0
32,3283000,4.3,685,1,1,2
25,5071000,1.8,685,1,0,0
41,4919000,4.1,650,1,1,1
42,7355000,11.8,746,2,1,2
49,7712000,16.9,614,2,1,0
33,2137000,2.8,560,3,0,1
62,10138000,24.3,793,1,1,0
42,3823000,2.5,683,1,0,1
32,6597000,7.3,780,0,1,1
63,12938000,25.3,850,0,1,3
61,5332000,4.5,701,0,1,2
41,5825000,10.6,604,1,1,0
20,3239000,0.6,643,3,0,2
46,7829000,14.9,799,3,1,3
44,7869000,14.6,837,4,1,3
25,6250000,2.3,835,2,0,2
48,2286000,4.0,475,2,0,2
57,9683000,19.9,799,4,1,0
23,5014000,1.6,623,0,0,3
52,5931000,13.4,708,3,1,0
25,2893000,1.9,597,4,1,0
53,6950000,13.1,718,2,1,1
38,3922000,3.4,692,1,0,0
19,1500000,0.0,484,3,0,2
63,5849000,6.1,632,4,0,0
26,4955000,3.3,604,1,0,2
46,8580000,14.2,764,2,1,1
27,2901000,2.7,523,0,0,3
61,8319000,14.9,774,1,1,1
52,4896000,8.5,653,3,0,0
56,10161000,21.6,792,2,0,3
38,8699000,8.9,842,0,1,0
40,5215000,6.0,670,1,0,0
48,3465000,5.4,679,0,1,1
55,5876000,7.6,684,3,0,2
57,5788000,12.6,691,4,0,3
19,1561000,0.0,518,0,0,3
49,6651000,14.0,721,1,1,2
24,2817000,1.0,637,4,1,1
32,6539000,6.9,693,4,0,3
57,7544000,11.0,783,3,0,2
30,5658000,5.8,640,3,0,3
55,4481000,8.0,695,4,0,2
40,5360000,8.6,644,1,0,0
29,5286000,5.6,727,4,1,2
34,3436000,3.4,618,4,0,0
43,6411000,10.7,805,1,1,2
54,10810000,20.8,791,0,1,2
46,4226000,4.7,552,2,0,1
61,5406000,6.1,643,3,0,3
58,10861000,17.0,779,4,1,1
53,6014000,9.2,618,0,0,0
46,5710000,3.7,728,1,0,0
32,5211000,4.4,673,3,0,3
37,4249000,8.6,613,0,1,3
24,2097000,1.2,547,3,0,2
36,3575000,4.5,583,1,0,3
61,9674000,22.0,850,0,1,2
38,5272000,6.8,632,1,0,0
24,4648000,2.6,576,3,0,3
48,7796000,9.4,808,4,1,0
63,12260000,25.4,850,0,1,1
58,8275000,16.6,850,2,1,3
31,1500000,1.9,518,1,0,2
39,6900000,10.9,781,3,0,0
43,5936000,8.3,763,3,0,3
30,3885000,1.9,598,4,0,3
31,6262000,2.1,664,1,1,2
29,6029000,4.4,745,1,1,3
64,5902000,5.6,731,1,0,2
53,4751000,8.3,574,3,0,2
57,4659000,6.5,588,2,0,2
56,7051000,11.9,583,0,0,1
63,6795000,13.5,762,4,1,3
23,4091000,1.4,621,0,1,3
59,6788000,9.6,717,4,0,0
22,1799000,0.3,458,0,0,2
40,7446000,8.6,682,2,1,3
46,5818000,7.7,665,1,1,2
35,3305000,6.8,570,3,1,2
25,3253000,0.9,616,2,0,1
27,3652000,0.9,657,1,0,1
56,7072000,8.3,850,2,1,1
33,4205000,4.6,639,4,0,3
33,5464000,4.2,749,1,1,3
61,10645000,21.2,805,1,1,3
25,2017000,1.7,467,0,1,2
61,6657000,15.3,701,3,1,3
61,10192000,16.7,744,3,1,1
46,5485000,3.0,684,3,0,3
26,4262000,2.5,595,0,0,0
26,5460000,1.9,565,3,0,0
32,5668000,4.0,793,4,0,2
45,5185000,3.9,641,4,0,3
26,3096000,3.4,505,4,0,0
39,9068000,11.4,850,1,1,2
24,3854000,0.6,585,3,0,2
43,5897000,9.6,762,2,1,3
19,2198000,0.0,529,2,0,2
51,6038000,7.8,669,1,0,3
21,1500000,1.0,571,3,1,3
27,4995000,3.3,702,4,0,0
27,3431000,4.5,660,3,1,3
57,11285000,22.4,850,4,1,2
21,2444000,0.2,613,4,0,1
38,4818000,6.1,705,0,1,0
46,5627000,10.1,700,4,0,1
42,4207000,4.0,632,4,0,0
50,8172000,8.3,686,2,1,3
55,12152000,21.4,850,3,1,2
37,4090000,1.9,639,3,0,3
57,7310000,12.4,719,3,0,1
33,6568000,7.3,796,4,1,0
64,8486000,11.8,697,0,0,0
42,4734000,7.8,756,0,1,2
52,9697000,19.4,822,1,0,2
59,5539000,13.5,704,2,1,3
55,6448000,6.0,691,4,0,2
58,7193000,4.9,640,3,0,3
43,7891000,13.7,755,0,0,1
20,1500000,0.2,570,3,0,3
41,6426000,7.7,755,2,0,1
27,2335000,1.2,566,1,0,3
59,6579000,12.5,588,3,0,3
29,5747000,5.7,599,1,0,3
29,4530000,3.5,774,3,1,1
30,4654000,6.4,590,0,0,0
48,4565000,6.7,738,1,1,1
45,6371000,9.2,656,2,0,3
62,10489000,22.8,839,3,0,2
38,3839000,6.2,665,4,0,0
31,3616000,2.9,571,1,0,3
21,3793000,1.1,722,4,0,2
19,2786000,0.0,597,4,0,1
36,3474000,6.2,643,1,0,3
61,12832000,24.7,850,0,1,2
43,1500000,4.6,590,1,1,1
60,6069000,10.3,797,3,1,0
23,2431000,0.5,573,3,1,3
23,3598000,1.2,724,3,0,2
57,6334000,7.6,674,3,0,2
23,4982000,1.8,712,0,1,2
21,2285000,0.4,606,2,0,2
37,6469000,7.9,652,4,0,3
61,6630000,9.7,734,1,0,2
50,3956000,8.6,632,4,0,0
23,5666000,1.1,638,0,1,0
57,7363000,17.4,767,4,1,1
57,7948000,12.7,774,3,0,3
55,7003000,10.1,729,3,0,2
60,10891000,21.6,850,3,1,2
30,3877000,4.2,624,4,0,2
64,7248000,9.3,720,1,1,3
33,3823000,7.7,636,0,0,3
55,6351000,9.8,673,4,0,1
45,3408000,3.1,773,0,1,0
54,6457000,12.2,631,3,0,0
47,5089000,4.5,635,1,0,0
48,6533000,6.4,687,4,0,2
47,7243000,13.3,850,4,0,0
54,5967000,5.8,620,2,0,0
52,8870000,16.6,821,2,0,0
25,3119000,3.4,619,2,1,3
56,7905000,14.9,784,2,1,2
43,6456000,10.9,789,4,0,2
33,4404000,6.4,720,1,1,0
42,8309000,13.7,750,4,0,3
63,7447000,11.9,760,3,0,2
58,3576000,7.1,507,4,0,3
57,5813000,13.7,700,3,0,3
40,6205000,7.7,659,4,0,1
55,4402000,6.8,636,2,0,0
36,5777000,6.9,591,2,1,0
50,5092000,3.3,694,1,0,2
48,7215000,16.4,639,1,1,0
30,2216000,2.6,583,0,0,1
31,5499000,1.4,610,1,1,2
21,3527000,0.3,567,4,0,2
25,2952000,1.3,668,4,0,0
38,3454000,4.5,650,3,0,0
40,3227000,2.4,677,1,0,1
26,2166000,1.7,666,2,0,2
38,5355000,3.7,632,3,0,1
46,4798000,7.8,750,0,0,3
29,5327000,2.9,590,4,0,1
34,3919000,4.0,675,4,0,1
35,3218000,4.2,578,4,0,3
42,3643000,3.3,566,0,0,2
35,1500000,1.8,587,4,0,3
52,5165000,6.6,729,3,1,1
34,5316000,7.2,732,2,0,2
38,7945000,11.3,778,0,1,3
36,4096000,9.6,644,2,0,1
27,5374000,2.8,711,1,0,3
50,7940000,11.3,783,4,1,2
29,5412000,2.6,713,1,0,3
32,5142000,6.3,684,1,1,2
55,10307000,17.4,850,4,0,2
62,9110000,22.5,706,0,0,1
49,9596000,16.4,812,4,1,2
61,6730000,13.3,641,4,0,3
58,7633000,18.9,771,1,1,0
41,5536000,11.1,783,3,0,0
54,6122000,8.9,676,3,0,1
34,4986000,8.5,674,2,0,0
40,4536000,3.1,697,3,0,1
43,5835000,14.3,570,0,0,0
63,7902000,21.3,732,2,0,3
58,6642000,5.7,743,2,0,3
41,7375000,9.4,572,2,1,0
49,2966000,3.5,540,4,0,1
28,4536000,4.4,717,4,0,1
56,10698000,18.5,850,3,0,0
44,7003000,10.0,756,2,0,3
43,7623000,12.7,807,2,1,2
54,6134000,5.2,717,0,0,0
48,4538000,6.9,685,2,1,2
22,3352000,0.9,593,1,0,2
32,3539000,1.6,625,4,1,0
27,3583000,2.6,581,3,0,3
52,5227000,7.7,750,4,1,3
20,3192000,0.3,698,4,0,3
28,4021000,2.8,717,2,0,0
46,6852000,14.6,704,2,0,0
50,6517000,7.3,660,3,0,1
42,6238000,12.6,785,2,1,1
58,7008000,12.2,766,1,1,2
61,6531000,11.1,737,3,1,1
25,4165000,2.1,601,2,0,2
62,5112000,13.3,696,4,1,2
47,6309000,6.4,645,1,1,1
48,5758000,10.2,730,2,1,1
23,4709000,0.7,740,2,0,0
47,5121000,7.7,769,4,0,2
52,7351000,12.6,788,2,1,1
45,8097000,8.0,687,0,0,1
22,3192000,1.5,618,1,1,1
43,6412000,5.5,842,4,1,3
62,11867000,25.2,843,1,1,2
52,9169000,16.2,802,1,0,1
25,4309000,3.5,728,0,1,3
63,11997000,22.8,850,3,1,3
63,4802000,7.5,809,0,0,3
26,2694000,2.5,546,1,0,0
55,4579000,6.7,593,3,1,3
37,6340000,9.2,785,4,0,0
46,6445000,10.6,643,1,0,1
39,5462000,4.6,670,1,1,1
55,11671000,20.3,850,0,1,0
64,4314000,7.1,706,2,1,3
55,6914000,13.7,767,4,0,2
61,8032000,19.3,795,1,1,3
62,7396000,5.6,722,1,1,1
23,3926000,1.6,704,1,1,0
30,5536000,5.6,850,4,0,1
52,2932000,4.4,639,2,0,2
46,6359000,9.6,718,3,0,2
21,3786000,0.5,548,3,0,2
23,3292000,1.7,571,3,0,2
42,5586000,3.7,673,2,0,3
47,11339000,15.9,846,2,1,2
26,3194000,3.8,606,2,1,3
26,2263000,1.4,682,0,0,1
24,2402000,1.3,655,2,0,2
44,8357000,9.8,769,4,1,3
19,4251000,0.0,569,0,0,1
45,5777000,8.4,773,4,0,1
40,4339000,3.7,642,2,0,0
40,3140000,3.2,501,1,0,3
50,10578000,18.6,850,0,1,2
43,5309000,7.9,739,3,0,0
52,8883000,17.7,651,0,1,3
54,7896000,11.9,714,2,0,0
61,11034000,23.6,850,0,1,3
55,4538000,5.2,695,4,1,3
42,4273000,3.6,611,0,1,2
41,8294000,12.4,727,4,1,1
29,6971000,5.7,776,2,1,2
46,6118000,6.9,676,0,1,0
25,4559000,1.7,684,3,0,2
61,7555000,13.7,685,4,1,1
57,6246000,11.7,627,1,1,2
24,4135000,1.0,683,4,1,3
55,10135000,19.8,850,3,1,1
24,1678000,1.1,611,3,0,0
52,7821000,14.9,729,1,0,1
23,3076000,0.5,555,0,1,1
41,3297000,2.6,692,2,1,0
49,9258000,12.8,717,4,1,2
52,6691000,8.9,798,2,0,0
38,7483000,8.1,829,3,1,2
61,5486000,6.2,734,3,1,0
54,10133000,20.1,796,1,0,1
28,3381000,4.3,564,0,0,3
49,8649000,16.1,776,4,0,3
52,4976000,5.6,588,3,0,2
34,2724000,3.9,533,2,0,2
52,5643000,9.4,727,2,1,0
60,7897000,15.1,802,4,1,3
56,6716000,9.2,661,3,1,1
54,5164000,4.6,713,3,0,3
48,5172000,8.2,700,3,0,1
31,4508000,2.7,741,1,1,1
55,6457000,10.5,749,3,0,1
35,1500000,3.2,614,4,0,0
43,4343000,5.5,673,1,0,1
33,6325000,5.8,770,2,0,0
33,2417000,4.1,503,3,0,3
26,3800000,1.9,619,2,0,2
63,10537000,16.1,849,4,1,0
25,3102000,2.9,589,2,0,1
22,3318000,0.9,637,1,0,1
62,7350000,16.9,783,0,1,2
44,10063000,14.6,850,4,1,1
39,5420000,7.2,670,3,1,3
52,9461000,18.3,771,2,1,2
36,7565000,8.4,818,2,1,3
24,4004000,0.6,654,2,1,0
52,5589000,10.4,625,4,0,1
27,3483000,3.6,604,3,0,1
44,8774000,14.8,688,4,0,3
62,7221000,14.2,743,4,1,3
62,2664000,6.3,577,3,0,1
35,5071000,6.1,635,2,1,2
54,3219000,5.7,702,1,0,3
47,9595000,13.3,750,3,0,0
41,5942000,7.8,740,3,1,1
25,2894000,2.8,728,2,0,3
36,5347000,9.1,743,0,1,2
48,4933000,12.0,663,4,0,1
64,8086000,18.3,701,4,1,1
19,4220000,0.0,559,1,0,1
52,11698000,17.2,850,2,1,1
57,10977000,20.3,825,0,1,1
62,4675000,5.1,613,4,0,1
38,5002000,7.2,647,1,0,2
24,2202000,1.0,567,1,0,2
31,7712000,6.4,786,2,0,1
58,8549000,16.5,711,1,0,3
59,9879000,12.4,788,3,1,3
48,6632000,5.6,711,4,0,0
24,1500000,1.3,538,4,0,0
24,3006000,2.3,710,2,1,3
40,3667000,4.2,636,0,0,1
46,4304000,4.0,547,4,0,0
20,3103000,0.5,629,1,1,3
50,11810000,14.9,850,4,1,0
44,3457000,5.0,608,1,0,3
19,3275000,0.0,536,2,0,3
23,4545000,2.3,757,2,1,2
39,6183000,9.1,642,2,0,3
52,7822000,13.4,800,0,0,0
56,5036000,9.4,680,2,0,1
38,4773000,4.7,695,2,0,2
32,4174000,1.6,742,4,0,0
63,10533000,20.4,850,2,1,2
40,4594000,2.6,620,4,0,2
33,5185000,1.4,739,1,0,0
39,7379000,9.3,708,1,1,3
19,3086000,0.0,613,0,0,2
32,3764000,6.2,548,3,0,0
42,4975000,7.7,604,0,1,2
61,7776000,14.4,762,1,1,2
52,6978000,10.5,755,4,1,1
54,5646000,9.2,586,3,0,0
44,5027000,9.0,697,2,1,1
24,2134000,1.6,522,4,0,2
36,3399000,6.8,690,3,0,2
64,11363000,24.7,850,4,1,3
21,1656000,1.2,488,3,0,3
59,3759000,5.6,630,2,1,1
50,5712000,9.1,635,0,1,2
32,2272000,2.5,652,1,1,3
54,6851000,9.7,728,3,0,0
57,7143000,9.3,729,1,0,0
20,2411000,0.2,616,3,0,2
23,3141000,1.9,544,0,0,0
49,7285000,10.4,665,0,0,3
64,10963000,25.2,850,1,1,0
20,2096000,0.1,504,1,0,0
49,5836000,4.0,629,4,0,3
25,4691000,1.8,707,1,0,3
48,5157000,4.1,703,2,0,2
47,6386000,6.5,638,2,1,2
23,1500000,2.4,513,1,0,3
50,6830000,6.3,673,4,0,1
60,6340000,8.2,818,3,0,3
58,9498000,15.1,850,0,1,0
20,3570000,0.3,594,1,0,2
30,4564000,4.3,687,0,1,1
30,3790000,3.2,545,1,0,3
39,7046000,10.3,695,3,0,1
25,2976000,1.0,605,4,0,1
58,8346000,12.3,805,2,1,1
54,6556000,15.6,713,0,0,1
56,9280000,19.8,824,0,1,1
28,6364000,2.6,717,2,0,3
19,2249000,0.0,565,1,0,2
60,4639000,5.5,637,2,1,1
32,2781000,2.4,567,0,1,2
49,4803000,4.0,674,1,1,1
60,8766000,19.0,817,2,1,3
20,2847000,0.2,607,1,0,2
19,4019000,0.0,563,1,0,0
19,2161000,0.0,512,1,0,1
26,5241000,3.7,699,0,1,0
21,4337000,1.0,733,1,1,3
56,6121000,5.3,713,1,1,3
46,4219000,3.0,616,4,0,3
64,8920000,5.8,811,4,1,3
55,10915000,19.0,796,2,0,0
63,6750000,9.6,804,1,1,1
29,3244000,3.7,619,2,0,0
32,4319000,4.1,604,3,0,3
58,11502000,19.4,850,1,1,1
30,6381000,3.8,681,3,0,2
21,5019000,0.7,746,4,1,0
49,10172000,17.8,827,2,1,0
55,3698000,6.3,633,0,0,0
63,11530000,22.7,850,0,1,1
61,3365000,5.3,568,4,0,1
24,1810000,1.7,572,2,1,1
54,9937000,19.0,848,1,1,2
57,9368000,16.4,719,3,0,0
51,9054000,14.2,817,4,1,3
56,6607000,8.6,717,2,1,0
57,7768000,11.8,767,1,1,2
39,3813000,5.7,629,4,0,0
20,3014000,0.4,616,0,0,2
39,3501000,6.6,697,4,0,0
28,1500000,2.4,479,2,0,3
24,4344000,1.3,624,0,0,2
24,2481000,1.1,623,1,0,1
51,7197000,9.0,769,3,1,3
42,5730000,4.0,719,3,0,2
43,6772000,12.9,850,0,1,3
53,8468000,13.6,819,3,0,3
44,3677000,4.2,690,4,0,3
47,5160000,12.5,654,3,0,0
22,3708000,1.6,564,3,0,0
58,5410000,8.5,661,0,1,2
39,3697000,3.5,666,3,0,1
26,5615000,0.7,712,3,0,1
56,2779000,4.6,617,0,1,1
52,9024000,15.9,788,1,1,1
21,2226000,1.2,552,4,0,1
27,4440000,1.0,637,4,0,1
19,3358000,0.0,655,0,0,1
31,4015000,1.6,684,3,0,1
23,2426000,1.6,520,2,0,0
51,7436000,15.3,794,2,0,2
43,6458000,6.7,676,2,1,3
64,6770000,4.7,754,4,1,1
53,8301000,13.5,765,2,0,0
47,7768000,16.7,850,2,0,0
42,5262000,5.3,650,3,0,1
21,6053000,0.4,712,2,0,2
22,3298000,0.5,646,4,0,1
47,8464000,10.6,730,1,1,3
19,2112000,0.0,566,4,1,2
20,3124000,0.5,588,3,0,3
29,5423000,4.8,650,4,0,1
59,11142000,21.9,845,1,1,0
40,5790000,10.6,760,2,1,3
51,4549000,7.2,616,0,0,1
37,6566000,6.8,753,4,0,1
26,5025000,1.7,686,4,1,1
36,6390000,4.5,629,1,1,3
23,5970000,2.3,730,0,0,0
54,8552000,15.4,700,3,1,0
27,4272000,4.7,680,3,0,1
36,6441000,5.2,684,2,1,3
64,9666000,16.6,823,0,0,1
46,5076000,9.3,592,4,0,2
40,2880000,3.2,603,2,1,3
43,5410000,5.2,736,3,1,3
55,7372000,13.1,697,4,1,0
30,3493000,1.5,580,2,0,1
48,10027000,16.4,850,0,1,3
59,6186000,6.5,735,4,1,3
45,6416000,5.2,568,3,0,0
39,4077000,9.7,757,4,1,2
25,3619000,0.9,652,3,0,0
30,5969000,6.1,741,4,0,2
62,8133000,19.9,762,4,0,3
43,3334000,3.2,500,1,1,3
32,4021000,5.8,675,0,0,0
38,5791000,7.9,659,0,0,3
45,9293000,12.4,842,3,0,0
43,9732000,12.3,811,1,1,2
51,7168000,14.7,753,2,1,3
30,5137000,4.3,625,3,0,1
48,6331000,7.6,763,2,1,3
39,6615000,9.0,649,0,1,0
62,12194000,24.9,850,1,1,1
26,4344000,2.8,779,0,1,3
25,5935000,2.6,796,1,0,1
40,6668000,6.7,799,3,0,3
42,5578000,11.0,681,2,0,0
50,10465000,18.6,850,3,1,1
37,5191000,3.2,667,0,1,2
61,6353000,8.5,619,3,0,2
40,7088000,7.8,826,2,1,3
24,3821000,1.7,695,1,0,3
24,3906000,1.9,628,3,0,0
63,5070000,5.5,595,0,0,3
25,1500000,1.8,515,2,0,0
62,8784000,16.8,684,2,1,3
31,3843000,4.7,685,0,0,0
23,2171000,1.7,476,4,0,2
33,6961000,6.4,749,1,1,2
47,7735000,11.8,707,0,1,2
38,6254000,9.4,623,2,1,1
55,7502000,14.8,764,4,1,3
47,6960000,10.3,712,3,1,3
37,6745000,7.3,775,3,1,3
48,3548000,4.4,542,4,0,3
63,6634000,10.4,676,0,0,2
37,6317000,6.5,567,2,0,0
26,2007000,3.8,436,1,0,1
37,5696000,7.9,798,3,1,3
57,4410000,5.5,772,4,0,2
29,4239000,4.0,647,0,0,3
62,5583000,9.1,637,0,1,1
46,7575000,12.6,735,4,0,1
46,10173000,13.9,850,2,0,3
33,4571000,5.6,622,1,0,2
61,9160000,16.6,820,0,1,0
20,5499000,0.3,683,1,1,2
32,3810000,4.2,593,0,0,0
38,8713000,10.1,759,1,1,2
40,6401000,9.7,731,0,1,1
40,7798000,7.6,701,0,1,0
25,4495000,1.7,677,4,0,0
29,3824000,1.3,599,3,0,3
23,3166000,0.7,613,4,0,3
45,4036000,5.1,718,1,1,0
35,4701000,4.6,647,1,0,3
45,9292000,14.9,850,1,1,3
46,6309000,9.5,603,2,0,0
51,5070000,7.0,641,0,1,0
44,4029000,3.8,636,1,1,2
48,6921000,7.8,846,4,1,2
46,9265000,13.7,691,1,1,1
49,5279000,8.8,670,3,0,3
47,6958000,13.6,819,1,1,3
33,5905000,7.0,650,4,0,3
30,5428000,1.7,668,3,0,1
55,9485000,14.6,836,4,1,2
34,4543000,8.7,663,2,0,2
44,5308000,7.5,771,4,1,0
28,2268000,1.1,603,1,0,2
38,6424000,10.7,794,2,0,1
43,9475000,13.0,794,0,1,3
47,4828000,10.1,617,0,1,1
43,4207000,9.0,627,3,0,0
35,3161000,3.3,536,1,0,3
63,11185000,22.4,850,0,1,2
42,6545000,8.0,695,1,0,0
56,5030000,4.3,627,1,1,2
52,9521000,14.6,847,3,0,2
44,5924000,14.4,629,0,0,0
59,11636000,20.6,850,0,1,1
24,3045000,1.2,573,3,0,1
61,5733000,5.3,761,0,1,1
58,9182000,22.2,783,2,1,1
42,7591000,13.1,791,3,1,0
52,7519000,12.1,761,2,1,0
42,7782000,9.7,804,0,0,0
31,2498000,4.0,590,3,0,2
55,6957000,11.2,632,0,0,3
30,2328000,1.8,638,1,0,1
33,4342000,2.1,639,0,1,2
42,5683000,5.0,737,2,0,1
57,11440000,19.7,850,3,1,1
36,3373000,2.9,566,3,0,0
41,5758000,4.7,637,0,1,2
20,4773000,0.4,698,1,1,1
24,1500000,1.0,532,0,0,0
21,3875000,0.4,685,1,1,3
22,4535000,1.1,640,1,0,2
58,6575000,11.1,781,3,0,2
57,7042000,15.7,760,3,1,2
56,11342000,20.6,850,4,1,0
21,1701000,0.4,534,1,0,0
22,3381000,1.7,627,0,0,1
31,5262000,6.6,747,0,1,3
45,8549000,13.4,782,4,0,0
34,4418000,6.2,679,4,0,1
41,5328000,9.0,680,1,1,2
26,4134000,2.9,645,4,0,0
52,9353000,14.7,850,2,0,3
33,6270000,1.5,781,0,1,0
22,1786000,1.7,564,1,0,0
53,8068000,13.4,782,1,1,2
60,8731000,20.1,749,3,0,1
19,4223000,0.0,630,0,1,2
39,2609000,2.1,606,0,0,3
57,6915000,13.5,782,3,0,1
51,6248000,11.3,753,1,0,3
58,7249000,12.4,675,1,0,0
38,5173000,5.1,731,4,1,2
36,4910000,3.8,658,4,0,2
51,7053000,11.6,676,2,1,0
26,2104000,2.0,650,4,0,3
30,6113000,6.4,792,4,1,0
46,4686000,5.0,672,2,0,2
49,7124000,7.8,780,4,0,2
24,2571000,1.2,632,0,1,1
42,4052000,8.5,719,0,0,0
35,4919000,5.6,708,4,0,2
42,7950000,9.7,685,0,1,2
63,12048000,25.3,850,3,1,0
22,3005000,0.7,664,2,0,1
64,8991000,20.1,769,3,0,0
39,5914000,2.3,635,3,0,1
54,4599000,8.1,684,0,1,1
38,4335000,6.3,628,1,1,3
33,4244000,1.6,661,3,0,3
54,5778000,14.3,737,4,0,0
50,9290000,13.6,776,4,0,0
25,4729000,2.8,591,4,0,3
51,8104000,11.5,793,4,1,0
53,8465000,13.7,750,4,0,2
36,4592000,5.1,662,2,0,0
61,3509000,5.1,536,1,0,0
48,4337000,4.3,629,2,0,3
34,4070000,6.4,679,3,1,0
19,3583000,0.0,656,2,0,2
50,5123000,3.3,623,4,0,3
28,5962000,3.4,629,3,0,3
53,9116000,16.2,805,1,1,1
43,8414000,12.3,814,4,0,3
40,5373000,7.8,703,4,0,1
26,3441000,2.9,584,2,0,1
51,8573000,14.3,804,0,1,1
26,3831000,3.7,718,1,1,3
38,4408000,3.1,659,4,0,0
57,9217000,21.4,709,0,0,3
61,3587000,4.7,632,2,0,1
64,11917000,23.3,850,3,1,3
63,6199000,6.1,629,1,0,2
44,3532000,4.9,620,4,0,2
28,4120000,0.9,624,2,1,2
57,6666000,12.3,728,0,0,3
55,6380000,9.6,724,1,1,2
64,7570000,8.2,821,1,1,2
48,7259000,9.4,747,1,0,2
25,4585000,1.8,729,4,1,1
42,9176000,11.1,799,1,0,3
39,5970000,10.9,678,2,0,3
57,7487000,16.2,709,2,1,2
37,3148000,2.9,496,1,0,1
34,3990000,3.7,650,2,0,3
22,1500000,1.7,673,1,0,0
57,4676000,5.5,683,0,1,1
53,5952000,10.3,740,2,0,1
20,4151000,0.6,614,2,1,0
38,7238000,10.9,727,0,1,2
41,4624000,6.7,713,3,0,3
40,6893000,9.1,850,3,1,0
61,8698000,13.8,850,1,0,2
25,3093000,2.9,651,2,0,3
33,2968000,1.6,601,1,0,0
27,1500000,1.4,563,3,0,1
30,3266000,4.5,564,0,1,2
60,5224000,8.9,587,3,0,1
62,9599000,18.6,752,0,1,1
21,2076000,0.6,572,0,0,3
48,7914000,15.8,746,1,1,2
29,3315000,5.1,522,0,0,0
27,4185000,2.8,637,2,0,0
32,5716000,6.3,671,0,1,0
27,4148000,1.9,568,1,0,1
41,5675000,7.6,667,0,1,1
64,4266000,8.9,623,4,0,0
45,7086000,13.8,699,3,0,3
52,8426000,16.9,836,1,0,1
41,6751000,12.1,611,0,0,2
19,3090000,0.0,484,4,1,1
22,5306000,1.7,677,3,0,3
31,4885000,2.6,669,4,1,1
30,3985000,6.2,657,0,0,1
57,8959000,14.7,766,1,1,2
57,7898000,11.8,708,0,0,2
58,7213000,14.8,740,2,0,2
48,6784000,7.9,700,0,1,1
44,4943000,6.1,758,0,1,2
48,3548000,6.4,599,2,0,1
37,4421000,2.5,644,4,0,1
49,6900000,10.4,850,3,1,0
55,9587000,19.6,808,3,0,2
54,8030000,14.5,801,4,1,3
47,5672000,10.1,728,4,1,3
21,3942000,0.6,675,0,1,2
52,6798000,11.0,744,1,1,3
35,4355000,3.3,657,3,0,1
53,9519000,17.4,823,4,1,3
43,3294000,4.8,575,3,0,0
59,8332000,18.3,797,3,1,1
34,2868000,7.2,717,1,0,3
61,9383000,16.3,850,1,1,0
57,8615000,20.2,805,0,1,0
34,4454000,3.7,700,1,1,0
41,7610000,11.9,702,0,1,2
43,7643000,11.2,739,4,1,0
54,7680000,17.5,813,0,1,2
50,7612000,13.4,843,1,1,3
58,12144000,20.4,850,4,1,3
36,8592000,10.1,757,4,0,2
42,6670000,7.1,850,1,1,3
38,6765000,9.6,731,2,0,0
60,8584000,19.4,850,2,1,3
33,5472000,4.6,695,4,0,1
46,8130000,15.2,786,3,1,2
24,4198000,1.5,622,2,0,2
58,7456000,14.9,805,1,1,2
36,3702000,2.6,705,1,0,3
34,4317000,3.2,582,3,0,0
45,8021000,13.5,746,4,0,3
41,5902000,6.6,752,0,0,2
58,6365000,11.6,704,3,0,2
43,3278000,5.4,580,2,0,3
42,7750000,8.0,819,0,1,1
23,6687000,2.0,789,0,1,0
20,3712000,0.5,597,1,0,2
37,2251000,2.4,588,1,0,2
64,8162000,17.4,700,0,1,2
61,8511000,14.0,730,1,0,2
47,8599000,11.4,794,4,0,3
48,4835000,9.4,663,3,0,3
37,4741000,5.4,600,1,0,2
27,4180000,2.7,596,3,0,3
19,4037000,0.0,571,2,0,1
34,4443000,5.3,675,3,1,2
33,2768000,4.7,474,1,0,3
27,5180000,4.1,612,0,0,1
30,6170000,5.2,594,1,0,3
20,3006000,0.3,625,4,0,2
46,8211000,13.5,666,2,1,0
61,10166000,22.1,841,0,1,2
50,3910000,5.5,729,4,0,0
39,6962000,7.8,832,4,0,2
38,5075000,4.6,561,2,0,2
33,5898000,6.6,715,3,0,3
25,5258000,1.3,616,0,1,0
46,5864000,11.8,624,2,0,1
45,4403000,5.9,640,4,0,2
19,3190000,0.0,680,2,1,3
38,6138000,10.9,741,0,0,1
31,5165000,3.5,629,3,0,1
26,4105000,3.8,679,3,0,2
51,8459000,19.0,647,3,0,1
43,7594000,12.9,708,3,0,2
48,5059000,5.3,619,0,1,2
51,9827000,16.3,832,0,1,3
64,5292000,5.2,664,3,1,3
55,7298000,10.7,735,4,1,2
47,8634000,15.0,777,0,1,3
59,9004000,17.8,801,2,0,0
40,4836000,7.7,694,2,1,2
64,7967000,13.2,775,1,0,0
54,8795000,17.7,776,3,0,2
48,9648000,13.2,846,4,1,0
60,9406000,13.7,850,4,0,0
42,8169000,12.6,739,0,1,3
52,5939000,7.1,694,2,0,3
32,3734000,2.4,694,4,0,2
63,7962000,18.5,699,1,1,3
47,8481000,16.4,850,4,1,3
54,5852000,7.8,615,2,0,3
40,4920000,4.7,643,2,0,2
58,5873000,6.6,639,1,0,3
22,4666000,1.6,787,4,1,1
24,2554000,1.1,555,2,0,0
42,5015000,8.1,637,2,0,2
52,11601000,19.6,850,2,1,2
56,5290000,3.9,682,0,1,2
39,5191000,7.6,653,3,0,2
48,6476000,10.3,708,1,1,1
44,7287000,12.6,531,1,0,3
63,7308000,12.2,747,3,1,0
49,6787000,9.2,727,0,1,3
38,7267000,3.5,805,3,1,3
63,10473000,20.7,850,2,0,2
23,4495000,2.0,639,3,0,2
64,3636000,7.6,670,0,0,1
26,3153000,2.1,539,3,0,3
32,6960000,7.1,778,1,1,3
56,4813000,3.8,626,4,0,2
52,1500000,8.2,479,1,0,1
63,9619000,16.6,809,0,1,3
53,8487000,9.1,850,2,1,2
48,2985000,6.8,610,0,1,3
34,6573000,5.0,809,1,1,2
19,1500000,0.0,505,3,0,2
24,4756000,1.8,721,2,0,0
32,5055000,5.9,629,3,0,2
20,1500000,0.4,564,4,0,3
42,4725000,3.4,671,2,0,0
54,10786000,18.3,850,2,0,1
63,6307000,8.2,725,0,1,1
41,7412000,10.6,703,1,0,1
59,6426000,11.2,767,3,1,0
64,8501000,22.1,850,0,1,0
58,6595000,7.9,685,1,0,3
40,6535000,4.1,608,0,0,0
33,6070000,4.9,732,4,0,1
63,2400000,5.1,560,2,0,1
30,1987000,2.3,558,3,0,1
37,4890000,8.3,696,3,0,3
22,1648000,1.6,528,1,0,1
55,4838000,5.1,645,0,0,3
48,8967000,15.7,793,1,0,3
22,1809000,1.5,648,0,0,1
29,5788000,5.3,695,1,1,2
44,7641000,11.2,681,1,0,3
43,6017000,10.5,629,3,0,3
55,7378000,13.1,754,1,1,2
31,2445000,5.1,514,0,0,1
61,10826000,23.5,767,4,1,2
39,4059000,3.0,673,0,0,1
56,6527000,9.5,759,1,0,1
29,3945000,1.4,609,1,1,2
20,3503000,0.6,634,0,1,3
21,2893000,0.6,608,4,0,3
36,5933000,7.4,734,1,0,0
62,12042000,22.4,850,3,0,1
21,3305000,1.2,454,0,0,0
35,4396000,2.9,632,2,0,3
24,3652000,2.5,653,0,1,1
61,10204000,22.8,816,1,1,3
50,4992000,3.9,669,2,0,0
54,8179000,16.7,818,4,1,3
51,6578000,8.9,724,1,0,1
49,7479000,12.7,840,3,1,3
54,7010000,12.5,801,0,1,0
19,2606000,0.0,580,1,0,3
58,4665000,6.5,644,3,1,0
53,2915000,5.4,426,2,0,1
53,5279000,5.2,656,2,1,1
37,5903000,7.5,616,3,0,0
55,7485000,9.9,763,0,1,1
36,3587000,3.5,629,3,0,1
21,5589000,0.9,728,4,0,2
60,8914000,18.2,850,3,0,2
29,3245000,3.7,607,1,1,3
23,2613000,2.3,724,1,0,1
47,3789000,8.2,640,4,0,1
29,6659000,5.2,643,3,0,3
58,6535000,5.4,684,4,1,3
39,7011000,9.4,711,4,0,2
19,1925000,0.0,600,2,1,1
62,13049000,22.5,850,0,1,1
42,5728000,9.0,673,1,1,2
31,4427000,5.0,638,1,1,0
50,7735000,8.6,731,4,1,1
43,7501000,10.6,799,1,1,3
20,5816000,0.5,732,1,1,2
53,10438000,20.4,850,4,1,1
37,4694000,6.2,637,0,1,1
51,3736000,4.2,697,3,0,3
60,6489000,16.3,634,2,0,3
47,4241000,4.5,558,4,0,2
49,6719000,6.7,651,2,1,0
30,4734000,2.9,658,2,0,1
29,4669000,4.7,728,4,0,1
38,3066000,3.6,566,4,0,2
58,5757000,7.1,663,3,1,1
43,5230000,2.9,661,3,0,3
35,6527000,8.6,752,4,0,2
54,8660000,15.6,760,4,0,1
58,3689000,4.7,591,3,0,3
60,5686000,4.7,609,1,0,3
32,1500000,4.9,516,3,0,3
51,6154000,7.7,776,1,1,2
46,9864000,10.8,834,2,1,2
39,3395000,6.3,569,2,0,1
37,6245000,10.1,782,4,0,1
24,3411000,1.2,579,2,0,0
31,4300000,5.3,729,4,0,3
44,5364000,3.2,763,4,0,2
59,11652000,23.1,850,4,0,2
58,11233000,23.0,785,0,1,1
27,5287000,3.8,814,3,1,0
50,6625000,10.3,744,1,1,3
22,7026000,0.6,715,2,1,3
50,8677000,15.7,847,2,1,2
34,5684000,7.0,732,1,1,1
39,2417000,4.2,659,4,0,0
52,6093000,10.7,663,4,1,1
38,6582000,6.3,739,2,1,1
56,8047000,19.0,697,0,1,3
43,4121000,10.6,677,0,0,2
64,9689000,19.0,822,1,1,0
48,8950000,12.3,815,4,1,2
32,4136000,3.1,629,2,0,3
54,6097000,10.0,688,0,0,0
37,1540000,2.2,499,2,0,2
43,7673000,11.8,803,4,0,2
25,4459000,1.9,738,2,0,2
24,1500000,1.6,517,2,0,2
45,6391000,5.8,746,0,1,3
27,4479000,1.6,675,4,0,1
64,10554000,17.7,850,0,1,2
58,6640000,8.4,630,4,1,3
51,5254000,4.2,597,1,1,3
52,9225000,16.0,761,0,1,1
46,6772000,7.8,597,1,1,3
21,1500000,0.6,634,0,0,2
37,3194000,5.7,629,0,0,3
41,6037000,11.2,699,0,1,3
61,6659000,10.9,591,3,0,2
29,5146000,4.8,562,4,0,1
41,7765000,12.5,759,1,1,0
34,6616000,6.5,839,3,1,1
25,5043000,1.9,626,1,0,1
23,2618000,1.9,639,2,0,3
35,5141000,5.3,643,1,0,1
22,2298000,0.9,580,4,0,3
22,3159000,1.1,678,2,0,1
35,4821000,4.1,640,2,1,1
28,1500000,1.4,509,4,0,2
44,8588000,7.7,850,3,1,0
19,3680000,0.0,625,0,0,1
32,3685000,4.0,688,0,0,1
39,7973000,7.6,725,1,1,2
63,11298000,24.9,850,0,1,3
48,4349000,3.4,661,3,0,3
59,8155000,16.4,798,2,1,0
34,6697000,4.9,731,0,1,2
39,3644000,2.2,591,2,1,0
38,4684000,4.3,656,4,1,3
59,6685000,6.4,696,4,0,3
63,6922000,9.2,788,4,1,1
63,6575000,10.4,707,4,0,0
53,7902000,10.2,674,3,0,0
42,8986000,8.4,699,4,1,0
43,4221000,2.4,537,4,0,2
64,5975000,8.1,736,3,0,2
32,3870000,1.9,560,2,0,3
34,6533000,5.6,736,4,1,3
60,6061000,10.8,710,2,0,3
36,4906000,6.4,660,0,1,0
29,1890000,2.1,589,0,0,2
44,2559000,2.8,595,2,0,0
33,5179000,8.0,510,0,0,1
59,5103000,6.2,651,0,0,1
60,7468000,6.7,774,1,1,3
33,4483000,2.4,748,2,1,1
43,6876000,14.2,830,2,1,3
64,8566000,18.4,704,2,0,1
53,9480000,13.8,795,2,1,1
28,6207000,5.3,613,4,1,0
46,4399000,3.9,738,1,0,3
47,8209000,16.4,834,2,1,0
49,6485000,6.1,737,3,0,0
20,1948000,0.4,575,1,1,0
32,4870000,4.0,745,0,1,2
58,9717000,11.4,850,0,1,3
30,5416000,6.2,750,1,1,0
32,2874000,2.3,623,1,1,0
33,6432000,8.4,693,0,1,1
27,3241000,2.3,654,1,0,1
26,2377000,3.0,628,3,0,0
34,6921000,8.8,719,4,0,2
59,6161000,5.2,684,2,0,2
19,2627000,0.0,656,0,1,0
32,4297000,5.0,743,3,0,2
21,2161000,0.9,527,0,0,3
44,4360000,4.4,630,0,0,3
30,3725000,4.0,645,2,0,3
55,7282000,15.7,772,2,1,0
45,8246000,8.5,744,1,1,0
55,5800000,6.4,806,4,1,2
48,5927000,6.4,723,0,0,1
39,7735000,10.5,790,0,0,3
58,5535000,4.6,790,2,1,2
40,5829000,9.5,667,2,0,3
62,12357000,25.8,850,4,1,1
64,4322000,4.7,569,0,0,0
46,5241000,4.9,664,2,0,1
50,8135000,13.5,682,0,1,0
30,3031000,1.4,646,0,1,0
56,6515000,14.6,742,2,0,1
49,7830000,13.3,744,3,1,2
60,8425000,16.2,775,0,1,2
31,1922000,3.4,610,4,0,1
55,9279000,16.2,741,2,1,1
40,7063000,8.3,748,2,1,3
27,6594000,1.6,762,4,0,3
26,3476000,2.7,509,1,0,0
44,7079000,13.5,777,1,1,2
33,3804000,6.1,526,3,0,3
23,3705000,1.3,616,0,1,1
38,4993000,5.0,597,4,0,1
49,3531000,4.3,704,4,0,3
33,3875000,3.1,560,4,0,1
62,2201000,4.5,474,2,0,3
54,11392000,20.8,850,3,1,2
42,3790000,4.9,602,4,0,3
61,10413000,21.3,757,0,1,3
38,2513000,3.5,615,1,0,1
25,2826000,1.5,475,2,0,1
20,2769000,0.3,530,3,0,3
62,6941000,11.3,697,3,0,0
63,11276000,22.0,850,4,1,2
53,11622000,19.7,850,2,1,2
23,4649000,2.2,721,0,1,0
32,4960000,2.3,656,0,1,1
20,4910000,0.5,518,4,0,3
21,3789000,0.3,650,2,0,0
30,5091000,6.1,758,3,0,3
45,7466000,9.3,823,2,1,2
22,4568000,0.8,680,4,0,2
64,6578000,8.0,648,1,0,3
39,1989000,2.1,535,0,0,2
31,2935000,2.7,714,3,0,1
42,7150000,12.8,653,2,0,3
55,10236000,18.0,772,4,1,3
33,5844000,8.2,751,0,1,1
21,4469000,0.3,623,1,0,0
21,4858000,0.8,591,4,1,2
58,7554000,8.9,843,4,0,0
24,5112000,1.9,698,0,0,3
48,4381000,7.5,623,4,0,1
36,5014000,4.1,598,0,1,1
54,6996000,13.5,850,0,1,2
21,1500000,0.4,549,4,0,3
60,7450000,13.7,832,0,1,0
51,9350000,13.6,850,1,1,1
39,4708000,3.3,626,0,1,0
28,7206000,5.1,709,2,1,2
63,8638000,15.5,850,0,1,0
32,8247000,6.6,850,1,1,3
41,6503000,9.4,604,1,0,1
37,5897000,8.2,730,3,0,2
29,3075000,4.6,595,2,0,3
38,7903000,10.2,701,0,1,2
25,3237000,2.4,624,2,0,2
19,2224000,0.0,493,2,0,1
32,5202000,1.9,645,1,0,2
24,5090000,2.0,622,2,0,1
38,5233000,2.5,644,1,1,1
58,5575000,8.6,682,1,1,3
26,3254000,0.9,548,3,0,1
19,2928000,0.0,692,1,1,3
24,4254000,0.9,671,1,0,3
42,8119000,9.3,850,0,1,0
31,5507000,5.9,674,3,1,0
41,9290000,11.2,777,3,0,2
20,4182000,0.3,745,3,0,1
34,4678000,5.6,621,0,0,1
37,6409000,6.9,703,2,0,3
38,7287000,6.4,786,1,1,2
44,9143000,10.7,731,3,0,2
54,6944000,7.2,774,1,1,0
40,7371000,12.4,781,2,0,2
57,4735000,5.7,734,2,0,0
43,8031000,12.4,821,3,1,2
30,6549000,4.4,796,3,0,0
29,4291000,2.2,636,4,0,1
33,5855000,6.6,643,2,0,3
46,4392000,3.8,773,4,0,3
30,4497000,5.4,558,4,0,1
61,8615000,16.6,702,2,0,2
41,4353000,3.4,679,3,0,1
58,6987000,5.5,830,4,1,1
50,7857000,14.7,773,4,0,0
34,4358000,3.7,705,1,0,2
29,3852000,5.4,509,3,0,2
53,9600000,16.4,790,2,1,3
34,6985000,6.7,620,0,0,1
30,5859000,2.6,742,1,1,1
61,9929000,19.1,738,4,0,3
41,8099000,12.6,693,4,1,2
21,2921000,0.3,628,3,0,1
41,5664000,5.8,753,4,0,3
40,4987000,4.6,657,2,1,0
58,7130000,11.6,772,3,1,3
51,8450000,15.1,814,0,0,2
27,4487000,2.7,637,1,1,2
25,3452000,2.3,549,0,0,2
46,5124000,6.9,705,4,0,2
21,5154000,0.3,709,3,0,0
33,7408000,3.3,801,4,1,2
25,2675000,3.2,608,2,0,0
19,1500000,0.0,480,2,0,3
61,6086000,12.1,744,3,0,3
23,3576000,2.0,619,2,0,3
19,4075000,0.0,607,1,0,1
61,7035000,9.5,717,1,1,2
27,3801000,1.7,585,2,1,0
56,11300000,21.9,850,0,1,1
20,2344000,0.5,493,0,0,0
26,3722000,2.9,564,0,0,2
24,3151000,0.5,585,0,0,3
51,3234000,6.1,705,0,0,3
47,5701000,11.7,753,0,1,2
40,3789000,6.1,528,0,0,3
30,6087000,6.2,784,4,0,0
23,3959000,1.9,713,0,0,2
45,6673000,8.4,652,2,1,3
29,2437000,4.7,430,0,0,0
46,6785000,15.9,722,4,0,3
50,7366000,10.2,813,1,1,3
58,5406000,16.4,776,3,1,2
41,8775000,12.3,740,3,0,2
19,1500000,0.0,655,3,1,0
31,6287000,6.5,576,3,0,2
58,3964000,5.8,610,2,0,3
43,7829000,10.2,736,3,1,2
47,11680000,13.8,850,4,1,3
40,3282000,8.6,687,1,0,1
26,4674000,2.4,713,4,0,1
60,6710000,16.8,643,4,0,1
54,5682000,6.2,741,3,1,3
64,6042000,9.4,732,4,1,0
58,6376000,9.2,612,0,1,2
32,3726000,5.2,500,2,0,1
30,5162000,3.5,734,3,0,2
30,2102000,2.4,559,4,0,3
61,12435000,22.7,837,0,1,2
44,5029000,7.2,655,4,0,3
39,3592000,6.5,642,0,1,3
63,9604000,13.4,815,1,1,2
46,4739000,5.2,565,3,0,0
60,11974000,19.1,850,1,1,0
64,9576000,14.6,850,4,1,2
22,2147000,0.3,551,4,0,1
35,6153000,9.3,687,0,1,1
52,9025000,16.8,822,1,1,1
56,10817000,17.1,793,0,1,0
25,4645000,3.2,674,3,1,3
33,5907000,7.7,617,4,0,3
44,5105000,6.7,666,3,0,0
55,8049000,14.6,698,0,1,3
24,5266000,2.0,608,0,0,3
46,5209000,6.3,772,0,1,0
32,3471000,2.7,619,2,0,0
28,2813000,1.4,606,3,0,0
42,5800000,9.9,573,0,0,2
38,4572000,9.3,617,4,0,3
48,6965000,13.9,760,1,1,0
33,6058000,3.6,714,2,1,1
56,5377000,7.5,550,3,0,1
22,4195000,1.0,652,2,1,2
58,5135000,14.6,693,2,0,1
20,3892000,0.6,707,1,0,1
52,9001000,17.7,761,2,1,0
34,5362000,8.4,544,1,0,2
36,6332000,8.9,651,1,1,2
19,2405000,0.0,514,3,0,2
51,4161000,10.6,683,4,1,1
26,4422000,0.9,484,4,0,2
49,4797000,4.3,633,1,0,0
52,6018000,9.7,786,1,1,3
57,4886000,8.7,663,0,0,3
51,3301000,5.9,664,1,0,0
32,5894000,7.5,598,2,1,0
52,7211000,6.5,644,1,0,1
56,10734000,21.4,850,3,1,0
33,3686000,6.7,629,0,0,1
24,4005000,2.1,640,2,0,1
59,9061000,17.5,735,1,1,0
25,4597000,1.6,659,2,0,2
46,7718000,11.4,689,0,1,2
29,1500000,1.9,621,2,0,3
24,4634000,2.8,818,3,0,0
54,4876000,8.8,692,4,0,0
25,1784000,1.4,521,1,0,3
49,7569000,13.7,600,2,0,1
50,8148000,13.3,671,3,0,0
21,1500000,0.7,643,2,0,1
26,4860000,2.9,600,2,0,1
55,6191000,6.5,684,1,1,1
42,6556000,10.0,758,4,1,0
24,2379000,1.2,668,3,0,3
64,5535000,10.6,673,4,0,0
31,5001000,2.2,642,3,0,2
19,1500000,0.0,554,1,0,1
61,8197000,11.2,736,1,1,0
19,2802000,0.0,559,0,0,2
44,4600000,4.9,678,3,0,3
64,4030000,8.8,645,3,0,3
45,6184000,9.6,834,1,1,0
45,5241000,4.3,701,0,1,0
36,4056000,7.6,704,4,1,3
24,4613000,2.9,589,1,0,3
45,5942000,8.1,730,2,0,3
60,10137000,22.6,795,0,1,2
23,4236000,0.6,665,0,1,0
59,2072000,4.9,610,4,0,0
38,6496000,8.8,720,3,0,1
43,8968000,11.5,850,0,1,2
26,6023000,3.7,786,0,1,1
47,4728000,3.6,728,2,0,2
27,4003000,3.9,679,3,1,1
31,3462000,3.5,721,2,0,2
52,5541000,8.3,598,4,0,2
21,3793000,0.4,709,3,0,0
39,6231000,12.0,648,3,0,1
46,5169000,3.6,638,1,0,1
25,6645000,3.1,755,3,0,0
32,4851000,5.5,736,4,1,2
34,3837000,7.0,559,0,0,3
49,6181000,13.7,675,3,1,3
63,12087000,23.3,850,4,1,0
57,5483000,7.3,672,2,0,3
27,4332000,0.8,696,3,0,1
19,2360000,0.0,785,1,1,1
21,4207000,0.6,665,0,0,0
46,4350000,4.4,601,4,0,3
26,2611000,1.4,509,1,0,3
29,3464000,2.7,596,3,0,0
57,3349000,5.1,555,1,0,1
59,7172000,5.1,767,1,0,1
57,10304000,21.2,850,3,1,0
30,4753000,2.8,631,1,0,1
47,8166000,16.6,850,4,1,0
47,7443000,16.3,704,0,1,1
27,3209000,1.4,600,0,0,2
44,8311000,11.4,815,0,1,2
43,5735000,9.6,745,1,1,2
37,4755000,8.0,735,0,0,3
53,4937000,5.0,690,1,0,0
50,5699000,6.0,753,0,0,1
43,6126000,3.3,664,3,0,2
52,8080000,13.3,824,0,1,2
54,11053000,20.8,850,4,1,3
45,7818000,11.3,850,4,1,2
31,3541000,5.5,518,3,0,1
53,8879000,20.1,742,3,1,0
52,6774000,14.5,775,3,1,3
64,3291000,5.4,451,4,0,0
25,5075000,3.2,699,2,1,1
38,5238000,5.4,738,3,0,2
61,4600000,4.3,619,2,0,3
42,2724000,8.1,565,3,0,3
62,14007000,24.4,850,1,1,1
19,1927000,0.0,533,0,0,3
20,5567000,0.3,656,4,0,0
55,3606000,6.7,579,3,0,2
35,2760000,2.1,548,3,0,3
42,1500000,3.2,534,1,0,3
38,6515000,8.8,700,3,1,3
37,5038000,9.6,780,2,1,0
62,4302000,7.4,620,0,1,0
23,1703000,1.0,577,4,0,1
54,6348000,6.9,677,4,0,0
59,5429000,4.5,646,4,0,1
49,9129000,11.3,702,2,0,1
37,5012000,8.1,573,1,0,3
26,4313000,3.0,571,0,0,2
50,4638000,9.1,666,3,0,1
40,5363000,7.9,743,4,0,1
25,2692000,0.9,483,0,0,3
35,4537000,2.8,618,3,0,1
63,12935000,24.9,849,0,1,0
31,6219000,5.8,691,3,0,1
27,3564000,4.5,683,0,1,1
50,10253000,17.3,815,4,1,2
28,4277000,3.8,640,0,0,3
61,10905000,23.7,850,2,1,0
58,6350000,12.0,739,3,1,0
64,3938000,4.6,586,4,0,2
60,6981000,5.4,742,1,1,2
30,3964000,1.7,582,4,0,2
28,3665000,1.3,647,0,1,1
34,4120000,4.1,668,2,0,3
40,9260000,9.5,727,4,0,0
59,11496000,19.8,850,1,1,1
52,6685000,13.0,716,2,0,3
48,4422000,5.0,680,2,0,0
59,9393000,19.0,850,1,1,3
48,5975000,8.0,728,3,0,3
36,2789000,1.8,575,2,0,0
37,5032000,4.3,724,3,1,1
42,6878000,6.1,677,2,1,0
23,1739000,0.9,479,4,0,0
53,7666000,17.2,564,2,0,0
49,7460000,14.4,744,3,0,1
52,7656000,14.8,706,3,0,3
43,6833000,4.1,752,4,0,2
55,10537000,18.1,733,4,1,0
62,10748000,18.9,819,1,1,3
45,4468000,5.1,677,1,1,2
39,5631000,8.5,626,1,0,1
23,1748000,1.4,583,2,0,0
54,7858000,11.2,729,2,0,0
60,5829000,6.4,692,0,0,3
51,8568000,11.5,821,4,1,2
58,4777000,5.8,716,4,0,2
58,5315000,7.1,683,3,0,2
55,5304000,6.0,628,1,0,3
42,8725000,13.3,763,4,0,2
23,1586000,1.0,591,1,0,2
19,3883000,0.0,568,1,1,3
28,3780000,2.3,615,4,0,3
38,5370000,10.4,656,4,0,2
53,5048000,13.0,662,2,0,3
39,6756000,11.2,665,0,0,3
20,4807000,0.2,549,0,1,1
28,5500000,1.4,715,4,0,3
64,9376000,17.0,850,1,1,3
64,9659000,12.3,714,3,1,0
36,5923000,8.5,720,1,1,1
56,11144000,20.0,850,2,1,1
52,6344000,11.1,747,4,0,1
61,10992000,24.6,841,2,1,0
59,7472000,15.1,692,2,0,2
47,2837000,6.6,599,2,0,1
37,6715000,6.2,739,1,1,1
47,3385000,3.3,619,2,0,3
33,4488000,7.0,639,2,0,2
35,2424000,2.4,516,0,0,2
47,5240000,7.1,700,2,0,0
45,8581000,9.9,814,3,1,1
45,6633000,3.2,733,0,1,0
36,1847000,2.4,568,4,0,2
37,5410000,8.1,781,4,1,2
19,1759000,0.0,521,3,0,0
46,7371000,9.1,823,0,1,0
45,5794000,7.0,649,2,1,0
62,5456000,9.2,748,4,1,0
42,4662000,4.5,729,0,0,0
40,5962000,10.1,681,3,0,1
22,5532000,1.7,784,4,1,2
28,4181000,1.5,668,0,0,2
34,6849000,8.7,676,1,0,1
36,2180000,6.8,550,3,1,0
35,5265000,6.7,743,4,1,1
37,8370000,8.2,834,3,0,2
54,10121000,15.8,774,2,1,3
25,1868000,3.1,554,3,1,0
34,4409000,5.1,659,2,0,3
26,2468000,2.6,552,2,0,2
33,6348000,3.7,850,3,0,1
50,4938000,4.7,679,0,1,0
21,2394000,0.9,576,1,1,1
34,3671000,1.8,694,0,1,0
20,1500000,0.2,528,3,0,1
62,3903000,6.3,691,3,0,2
52,5284000,6.4,576,0,0,0
30,5625000,4.6,660,0,1,2
28,1965000,3.7,628,1,0,0
23,2963000,1.2,693,1,1,1
40,5262000,3.0,629,2,0,3
53,5038000,10.8,615,2,0,2
45,5795000,7.2,727,1,1,1
59,9519000,18.4,780,0,1,2
34,7087000,5.8,720,3,1,2
31,4159000,4.1,691,3,0,0
40,5314000,7.2,644,3,0,2
28,5846000,5.2,577,4,1,2
63,8758000,21.0,714,4,0,2
27,3715000,2.8,624,4,0,0
41,5078000,7.5,557,3,0,3
43,3778000,2.7,608,0,0,0
21,4403000,1.1,563,1,0,1
40,5590000,5.5,785,2,1,2
39,3712000,4.6,754,3,1,3
30,5474000,6.6,619,4,0,0
24,5594000,2.3,702,3,1,1
21,2072000,0.2,511,1,0,2
19,3174000,0.0,587,3,0,1
41,3643000,2.5,730,3,0,3
23,3484000,1.6,588,3,1,1
63,3143000,6.0,588,2,0,2
30,6863000,6.2,672,3,1,2
49,8056000,17.1,837,1,1,0
49,8151000,11.2,576,1,0,0
41,5404000,9.0,654,1,1,1
59,5679000,9.8,687,1,1,2
24,4701000,0.7,617,3,0,1
29,5838000,4.7,746,1,1,2
30,3845000,1.7,700,0,0,1
25,4228000,0.9,556,0,0,1
32,3809000,3.3,753,4,1,1
33,3515000,1.5,532,2,0,3
54,6091000,11.1,780,2,1,2
32,6150000,5.9,714,4,0,1
59,9168000,20.0,775,0,1,3
54,9717000,14.1,799,4,1,3
60,10146000,21.5,836,3,1,2
23,3445000,1.2,627,3,0,3
64,12170000,23.6,850,2,1,3
47,6494000,9.9,702,3,1,2
64,5968000,9.5,653,1,0,2
35,6184000,9.2,633,1,0,1
62,7643000,10.2,706,4,1,0
46,3290000,3.1,541,1,0,1
22,3094000,0.7,578,3,0,3
37,4797000,5.1,686,4,0,2
25,4633000,1.7,662,2,0,0
62,8340000,15.6,850,1,1,2
33,7830000,7.6,628,4,0,1
29,3687000,2.5,651,4,1,0
44,5865000,9.0,696,2,1,1
38,4580000,5.1,702,0,0,1
23,2120000,2.0,614,2,0,1
56,4066000,6.6,626,2,1,3
57,4393000,5.8,657,0,0,2
53,8563000,12.0,741,2,1,1
47,7230000,12.2,778,0,1,0
37,5568000,9.0,573,3,0,1
43,7797000,9.5,807,2,1,0
42,8781000,11.2,791,3,1,0
26,5241000,2.1,645,2,1,2
22,2081000,0.3,555,3,0,2
30,3001000,1.7,590,3,0,0
39,6016000,2.4,778,0,1,1
26,3954000,1.9,826,2,1,3
23,3169000,1.4,679,3,0,1
58,7642000,10.8,721,2,1,0
36,6484000,6.5,754,1,1,3
45,5394000,8.8,720,4,1,2
43,6938000,10.5,676,0,1,3
52,9117000,14.3,728,4,0,1
53,4688000,8.8,652,3,1,1
32,4275000,3.6,691,1,0,2
58,7018000,15.3,637,0,1,3
36,4200000,6.8,597,4,0,3
57,5754000,9.8,726,2,0,1
37,5253000,4.8,678,4,0,3
24,3384000,2.2,698,4,1,1
53,7262000,14.4,657,0,1,1
20,3132000,0.2,746,3,0,1
54,5544000,11.2,593,1,0,3
20,3690000,0.5,501,4,0,2
28,4743000,1.1,655,1,0,1
46,7875000,14.2,694,0,0,2
62,5487000,7.8,681,3,0,2
37,5688000,6.4,685,2,1,3
24,1500000,1.6,538,2,0,0
29,4029000,1.1,584,1,0,0
60,14737000,22.9,850,2,1,0
52,6633000,10.8,702,4,1,2
23,3662000,2.3,688,3,1,0
36,5327000,4.1,667,4,0,2
31,7214000,6.4,683,1,0,2
27,5745000,4.5,590,4,1,1
57,5453000,14.4,671,1,0,1
47,5636000,5.6,612,4,1,0
27,7311000,3.5,663,4,0,0
48,7562000,10.9,784,0,1,1
38,5429000,10.9,574,4,1,3
21,3548000,0.6,703,3,0,1
39,3108000,4.7,613,3,0,1
27,4969000,1.4,663,2,1,3
30,3568000,4.9,557,1,0,1
59,11314000,23.5,850,4,1,2
51,3266000,3.7,609,0,0,1
25,3324000,2.8,570,4,0,2
58,12483000,22.0,850,1,0,1
45,4384000,3.6,545,3,0,2
59,4499000,6.2,552,2,0,0
53,6946000,15.2,664,1,1,0
34,2994000,6.4,621,1,1,2
43,2618000,3.2,587,1,0,3
43,7474000,12.4,812,4,1,1
52,8341000,11.9,723,3,0,1
30,4463000,6.1,683,3,1,2
34,7720000,8.1,751,3,1,0
30,4099000,5.6,580,2,0,1
32,4359000,4.7,668,4,0,3
26,2265000,1.6,572,1,1,1
20,4329000,0.4,607,4,0,2
62,7792000,6.5,762,1,1,2
22,1500000,1.3,542,1,0,3
59,4930000,6.7,655,2,1,3
19,4518000,0.0,626,3,0,0
54,2839000,4.5,516,3,1,1
34,4975000,3.7,670,3,0,0
42,6216000,5.0,659,0,0,1
31,4809000,4.9,599,0,0,2
41,7475000,10.9,735,4,1,0
39,6023000,2.6,745,4,0,1
43,9748000,12.6,836,0,1,1
37,6251000,9.5,676,4,0,1
43,4636000,6.5,620,1,1,3
56,7461000,15.9,787,4,0,1
38,6167000,5.7,562,4,0,3
35,2334000,2.8,626,3,0,2
25,3467000,2.2,503,0,0,1
35,3928000,2.3,546,3,0,2
24,3341000,2.7,581,0,0,0
27,4911000,4.5,794,1,0,3
62,13777000,22.0,850,3,1,2
23,3379000,1.5,655,0,0,0
41,5383000,8.3,701,1,0,1
57,12093000,22.5,791,3,1,3
62,6648000,9.6,731,0,1,0
25,5007000,0.8,634,1,0,3
26,4143000,2.7,589,0,0,0
36,4277000,4.5,652,3,1,2
44,3135000,6.5,576,0,1,2
63,2666000,4.6,641,1,1,3
28,2057000,3.6,452,2,0,1
26,4015000,1.6,638,1,0,3
30,2100000,2.1,517,1,0,3
59,6187000,4.8,682,4,0,3
20,3141000,0.3,623,3,0,2
36,5927000,9.2,631,0,1,1
24,2442000,1.3,591,4,0,1
26,4832000,3.1,648,2,0,3
61,9070000,20.1,763,0,1,0
19,1818000,0.0,532,4,0,2
33,6946000,7.2,722,1,1,3
61,9971000,18.7,786,1,1,0
46,6288000,10.2,710,0,1,0
22,3875000,0.3,612,4,0,0
40,3886000,2.5,593,1,1,3
63,12630000,26.2,850,2,1,2
37,5100000,8.8,695,1,0,1
43,10279000,13.7,820,4,1,1
43,6924000,13.2,740,3,0,2
49,6022000,3.3,639,2,1,1
27,4173000,4.0,613,1,0,3
57,8309000,12.4,758,3,1,0
64,11686000,22.3,815,2,1,3
25,4586000,0.6,676,4,0,2
56,5141000,9.0,641,3,1,1
56,10451000,17.6,827,0,1,1
53,11131000,16.9,837,4,1,3
36,5140000,7.0,849,0,1,3
40,4897000,5.3,623,1,1,1
57,5767000,9.7,568,2,0,1
26,4019000,4.1,538,1,0,0
57,9289000,12.1,850,4,0,3
61,6555000,13.6,799,4,1,0
50,5964000,11.7,658,0,1,3
34,6543000,4.6,795,1,1,2
44,7039000,9.4,779,1,1,2
21,5754000,0.6,680,3,0,2
61,10019000,21.6,818,2,1,1
34,6057000,8.3,713,3,1,3
21,2592000,1.1,639,0,0,2
55,8002000,13.8,791,2,0,2
49,4231000,9.6,600,1,0,2
47,8267000,12.7,765,1,1,3
21,3738000,1.0,743,3,0,2
53,7481000,13.0,764,0,0,3
48,7082000,13.0,788,0,1,0
55,7911000,17.1,796,2,1,3
57,9718000,16.7,840,3,1,3
28,3100000,4.3,610,2,0,0
28,4244000,1.8,695,0,1,1
61,10634000,14.7,850,3,1,3
43,8108000,9.5,786,1,0,3
39,1894000,2.0,522,3,0,2
32,4771000,6.9,682,1,1,0
48,7601000,11.7,749,4,1,1
53,4876000,5.6,644,1,0,0
19,1500000,0.0,711,4,0,3
44,7487000,11.5,657,1,1,1
64,10548000,21.6,850,3,1,3
31,6557000,3.6,667,2,0,2
31,4901000,6.3,671,0,0,3
59,8707000,12.3,850,0,1,2
21,1759000,0.8,501,2,0,2
37,2396000,1.8,536,0,0,1
40,6981000,8.9,732,3,0,2
55,10075000,16.5,785,0,1,0
24,2516000,1.9,637,2,0,2
38,5339000,6.6,646,1,0,0
26,2567000,3.5,625,0,0,3
55,8348000,15.9,699,1,1,2
48,6419000,6.9,606,2,1,2
41,6923000,12.7,717,1,1,2
37,5571000,8.2,592,1,0,0
26,3114000,4.2,695,1,1,3
61,10832000,24.6,769,1,1,0
48,10780000,16.2,797,2,0,1
33,5433000,6.7,706,4,0,1
38,4492000,7.7,615,2,1,1
52,4757000,6.1,567,2,1,0
52,5388000,12.3,802,3,1,1
40,5318000,10.1,617,2,0,0
32,6277000,4.7,697,4,0,3
49,8429000,16.0,768,2,0,0
49,6879000,4.6,772,1,0,1
46,5616000,7.8,715,2,0,0
22,3342000,1.1,562,3,0,2
40,6079000,6.6,683,1,1,2
47,1500000,4.3,536,1,0,3
62,5906000,7.6,742,2,0,3
43,7316000,12.5,674,4,1,3
34,6568000,5.1,840,1,1,3
44,5243000,3.1,629,2,0,3
27,1955000,0.9,565,3,0,2
23,4946000,1.3,595,3,1,3
50,4645000,5.6,577,0,0,2
64,9055000,20.4,749,1,1,3
57,9852000,18.9,770,4,0,2
45,4717000,5.6,632,4,1,0
20,4986000,0.4,607,3,0,2
64,6209000,8.0,749,0,0,0
39,4997000,5.0,620,2,0,2
32,6566000,7.1,665,0,1,1
60,9666000,15.3,799,1,1,1
53,10415000,18.5,850,4,1,2
53,7223000,7.2,754,1,0,0
31,4850000,3.2,656,0,1,3
64,8486000,15.1,697,3,0,1
39,6867000,6.8,660,3,0,2
43,7931000,14.4,688,3,0,0
53,4895000,5.3,742,4,1,0
49,10596000,15.8,850,3,1,1
26,6241000,3.7,656,3,1,2
32,4705000,4.9,623,4,0,2
35,3996000,4.4,584,1,0,2
62,10181000,15.5,786,2,1,1
51,6726000,7.9,752,2,0,3
35,6179000,8.0,689,3,1,3
52,6639000,11.5,846,2,1,3
52,9908000,18.6,850,2,1,3
37,5564000,7.4,764,0,1,2
37,4443000,6.4,688,3,0,1
60,9700000,18.7,798,0,1,2
44,6399000,8.8,749,2,1,3
25,3705000,3.3,603,2,0,0
52,6290000,6.3,807,3,1,2
46,10077000,15.8,850,2,1,3
42,8224000,11.6,790,0,0,3
52,8794000,17.5,801,2,1,0
60,8807000,14.0,850,1,1,3
34,5824000,7.8,608,1,0,2
38,3197000,4.8,717,1,1,2
27,5137000,3.8,660,0,1,3
48,4890000,4.9,579,4,0,2
37,7722000,4.6,712,1,1,0
34,6429000,4.8,615,2,0,0
51,6793000,8.4,766,4,0,0
37,5154000,5.3,610,1,0,2
40,6941000,10.7,741,4,1,2
39,3406000,4.6,682,2,0,1
30,2733000,5.2,551,4,0,1
24,2198000,0.7,557,2,0,0
57,9348000,18.3,733,0,1,0
23,1500000,2.0,527,4,0,1
33,3817000,4.2,782,4,0,3
49,7533000,13.8,798,4,0,3
25,3896000,3.3,614,0,0,0
49,7456000,15.0,712,4,0,2
52,5985000,9.7,697,1,0,1
49,8674000,10.3,797,4,1,0
33,6210000,6.9,682,4,0,0
19,2328000,0.0,609,0,0,2
59,9953000,20.1,775,1,1,0
34,4366000,4.0,588,1,0,2
56,8588000,18.6,808,1,0,2
28,2532000,1.3,514,2,0,0
26,4528000,0.9,695,2,1,1
54,9846000,21.0,827,3,1,0
62,9736000,23.0,715,3,0,1
58,10333000,21.1,850,1,1,1
53,10002000,19.6,732,0,1,2
30,1858000,3.5,604,3,0,2
61,6521000,10.2,702,0,1,0
49,5792000,5.0,804,0,1,3
26,4416000,2.5,711,3,1,3
24,6061000,1.1,638,1,0,0
59,12446000,22.7,794,0,1,1
31,5159000,1.2,627,1,0,3
54,8460000,6.0,709,2,0,3
25,4365000,1.3,755,4,0,0
31,4036000,2.4,634,4,0,1
32,5148000,2.8,728,3,0,1
31,4114000,5.1,620,4,0,1
50,5999000,8.2,689,2,1,0
61,8208000,17.1,772,2,1,2
60,11318000,22.4,850,4,1,1
53,6978000,13.6,751,1,1,0
28,3576000,4.0,556,4,0,0
63,7836000,12.4,850,4,1,1
43,4340000,4.3,627,1,1,2
44,2962000,6.5,571,3,0,1
51,7763000,18.6,589,3,1,3
54,6663000,14.4,760,3,1,3
62,5545000,10.3,691,1,1,2
45,6472000,8.5,722,4,0,0
47,8338000,14.5,754,2,1,2
53,9458000,14.8,781,0,1,1
30,5373000,4.2,657,0,0,0
33,6946000,7.6,759,3,0,0
47,8000000,12.2,805,2,0,3
21,3532000,0.8,604,0,0,2
33,5264000,2.7,732,2,0,3
52,5888000,5.1,692,2,0,2
63,12411000,25.6,850,0,1,1
42,7745000,9.2,770,1,1,1
37,2110000,5.5,489,2,0,3
39,5416000,7.9,694,3,0,3
50,4068000,4.1,543,3,1,0
44,8863000,12.8,734,0,0,1
20,4956000,0.2,544,3,1,0
43,5495000,12.1,673,4,0,1
37,7003000,6.6,830,0,1,3
51,4254000,7.6,635,4,0,3
59,3241000,4.6,647,0,1,0
63,10524000,22.3,850,3,1,3
47,4473000,5.3,673,1,0,0
35,1830000,2.0,515,3,0,3
39,7140000,9.6,700,4,0,0
27,4585000,2.2,653,4,0,1
62,8710000,12.7,752,4,0,3
57,5455000,8.5,648,4,0,2
58,10198000,20.7,850,1,1,0
34,4258000,3.7,704,2,0,2
33,6041000,2.9,603,3,0,1
58,3064000,9.9,553,0,0,1
44,3602000,5.0,592,2,0,0
51,5912000,8.3,733,2,1,1
41,2782000,3.1,661,4,1,0
39,3950000,3.6,794,0,1,0
48,5964000,8.9,671,0,0,3
56,9211000,20.0,782,0,1,2
34,3742000,1.9,660,2,0,2
56,6414000,7.6,673,2,0,2
30,4851000,6.1,653,2,1,2
37,5886000,9.8,671,1,0,2
60,9101000,18.0,646,1,1,1
62,6316000,9.5,718,2,1,0
61,5462000,13.0,671,0,0,3
33,4569000,2.9,729,3,1,3
57,4629000,6.2,655,0,0,0
62,8889000,12.5,721,3,0,0
63,9694000,17.1,808,2,1,0
19,4404000,0.0,521,4,0,3
53,6617000,13.8,648,3,0,2
64,6474000,11.2,754,2,0,2
54,4869000,9.6,647,3,0,0
29,3904000,5.0,685,0,1,3
54,11118000,18.9,753,0,0,0
23,5135000,1.0,657,2,0,3
41,4597000,8.5,625,4,0,2
47,4795000,6.7,717,4,0,0
39,3784000,2.5,666,1,0,1
51,8953000,15.0,837,1,1,0
30,1588000,2.0,645,4,0,2
46,4016000,8.4,612,2,1,3
48,7088000,10.0,816,0,1,1
48,2621000,5.6,525,1,0,3
32,3129000,1.9,539,4,0,1
33,4525000,3.8,696,4,1,1
30,5704000,6.3,600,4,0,2
40,5840000,8.6,729,0,1,1
45,5221000,7.6,680,4,0,1
35,4678000,1.9,720,0,1,1
37,5862000,7.2,692,4,0,1
32,2889000,1.9,600,4,0,1
29,4340000,3.7,675,1,1,1
49,8465000,14.3,742,0,0,1
56,9087000,11.5,761,3,0,1
32,5064000,3.2,697,0,1,3
58,6137000,4.8,703,2,1,2
45,3282000,2.9,585,1,0,3
26,3141000,2.2,600,2,0,0
35,5763000,8.7,788,4,1,3
19,2828000,0.0,568,4,0,0
20,1930000,0.4,536,2,1,2
34,6829000,6.6,625,1,0,2
39,4970000,2.6,663,4,0,1
55,4873000,6.4,702,2,0,0
25,4330000,1.6,695,0,1,0
57,9042000,16.5,808,4,1,2
29,4984000,3.2,723,4,0,1
25,2367000,2.8,623,1,0,3
51,8810000,17.1,850,0,1,2
54,8810000,16.8,850,0,1,0
46,9383000,16.1,850,2,1,1
24,3086000,2.4,593,1,0,1
24,1500000,2.6,470,3,0,3
36,4782000,8.8,699,3,0,2
39,6182000,9.3,753,0,1,0
64,10952000,22.5,850,4,1,2
32,7610000,7.4,831,0,0,0
27,4644000,2.7,772,0,1,0
62,9398000,18.0,850,3,1,3
26,3836000,2.5,642,3,1,2
20,4500000,0.5,567,4,0,2
38,4392000,6.0,665,2,1,1
37,6052000,9.2,669,2,1,0
47,6593000,14.0,732,3,0,1
59,12823000,23.2,850,3,1,3
61,6761000,9.4,754,3,0,2
32,4216000,5.9,635,1,0,1
64,10388000,21.5,850,4,1,0
48,9387000,16.5,650,1,1,2
22,3294000,1.7,621,1,0,2
62,8169000,16.6,844,1,0,2
25,3020000,2.3,713,1,1,3
46,5157000,5.0,716,1,1,1
55,9955000,21.1,850,2,1,0
30,3330000,2.5,621,3,0,0
31,3322000,5.5,611,2,1,0
40,6768000,10.5,757,4,0,3
59,7263000,12.8,742,2,1,2
29,3349000,2.1,565,2,0,1
49,5269000,5.8,645,0,1,0
39,7608000,10.6,687,4,0,0
24,4472000,1.8,681,0,0,2
51,5273000,4.6,676,0,0,3
57,8801000,17.4,772,4,0,1
45,4385000,5.9,612,2,0,1
27,3252000,4.3,639,0,0,2
26,2918000,1.8,644,2,0,2
38,4354000,3.8,577,2,0,3
42,3211000,3.3,530,0,1,3
44,6230000,8.9,765,3,1,2
30,3101000,3.6,521,3,0,3
42,4822000,10.9,694,0,0,0
32,5488000,4.3,780,3,0,2
50,5371000,8.4,776,1,1,0
55,4901000,8.3,708,3,0,2
49,4207000,7.2,683,1,1,0
19,3508000,0.0,752,1,0,1
64,7520000,8.2,611,2,0,2
20,2726000,0.6,563,2,0,0
64,6906000,11.9,781,1,1,1
20,4321000,0.1,624,4,0,0
42,2647000,5.2,663,3,1,2
23,5535000,0.5,682,2,0,3
23,6633000,2.0,729,1,1,2
50,3602000,11.0,604,2,0,3
52,5998000,8.9,669,0,0,3
24,2907000,2.2,564,4,0,0
63,9087000,18.3,819,0,1,2
33,5298000,8.0,630,3,0,3
33,6809000,8.1,784,1,0,1
32,4860000,5.7,701,3,1,3
40,5652000,10.7,754,1,1,1
27,4193000,4.0,572,0,0,1
38,5928000,6.6,596,4,0,2
28,3015000,4.1,600,3,0,3
21,1500000,0.3,724,0,1,0
35,8086000,7.7,846,0,1,0
49,8319000,17.4,744,2,1,3
54,4585000,5.0,678,4,0,1
35,5428000,8.3,725,2,1,1
33,6423000,7.9,632,0,0,3
55,7822000,7.7,843,3,1,2
50,7616000,11.2,744,2,1,3
57,8668000,21.4,783,3,1,1
60,9669000,23.8,824,1,1,1
56,4656000,6.1,724,0,1,2
62,6808000,11.8,682,0,0,2
38,3909000,8.5,528,3,0,0
37,5313000,3.8,696,3,0,1
33,2991000,3.7,477,1,0,1
29,5177000,1.1,655,0,0,2
53,7285000,6.0,814,3,0,3
51,6972000,12.2,767,0,0,2
55,8917000,15.4,850,0,1,0
26,2572000,3.0,623,2,0,3
41,7528000,10.8,850,3,0,3
29,3487000,3.1,581,4,0,0
60,5090000,9.7,694,3,0,3
31,3108000,1.3,577,4,0,1
25,2861000,1.2,653,3,0,0
45,4955000,6.7,661,4,1,2
59,6800000,7.6,830,0,1,2
61,3668000,4.6,590,0,1,0
23,5327000,0.7,762,3,0,2
33,3545000,6.1,654,4,0,1
26,5954000,2.9,697,3,1,3
33,4545000,7.9,684,1,1,0
43,7199000,12.0,756,2,0,1
31,4022000,4.6,655,0,0,0
22,2763000,0.5,580,1,1,0
42,7042000,8.8,693,3,0,3
21,4905000,0.3,643,0,1,0
29,5549000,3.2,584,2,0,0
19,2514000,0.0,634,1,1,1
22,3536000,0.9,544,2,0,0
39,3742000,4.8,612,3,0,1
58,7865000,17.3,801,4,1,1
54,7994000,18.2,817,2,1,3
23,3140000,1.9,498,4,0,2
20,3440000,0.4,609,3,0,2
34,2631000,5.5,615,4,0,2
49,4169000,3.5,642,3,0,2
53,10314000,15.7,850,2,1,3
56,9176000,13.8,757,3,1,0
34,3523000,3.5,494,1,0,0
26,1954000,1.8,614,3,0,2
20,3762000,0.6,593,3,1,2
25,1500000,2.5,444,3,0,2
21,4577000,0.7,643,0,1,0
58,8344000,16.0,850,2,1,2
31,6493000,3.7,641,3,0,0
56,5268000,12.4,816,0,1,0
44,6237000,6.1,658,3,0,3
43,5574000,7.7,691,4,0,0
39,5718000,8.9,617,2,0,0
56,2896000,4.4,599,4,0,3
20,3890000,0.5,622,4,1,2
23,4161000,1.0,549,2,0,0
38,8082000,8.4,850,4,1,0
37,6870000,7.6,699,4,0,2
44,6032000,10.7,671,0,0,0
52,6450000,13.3,773,4,0,3
46,6818000,15.6,836,0,1,2
30,6133000,3.9,772,2,1,3
34,4516000,7.0,578,4,0,0
53,10166000,15.4,850,3,1,2
28,4330000,2.0,531,1,0,0
42,5356000,5.6,733,3,0,1
43,5257000,7.5,577,1,1,3
53,6628000,8.1,673,1,0,1
51,6166000,9.1,705,4,0,2
40,4727000,6.2,684,0,1,1
33,5795000,5.6,678,4,0,1
35,4017000,3.4,725,2,0,0
37,5192000,9.0,716,0,0,2
29,4840000,3.2,700,3,1,3
47,7368000,12.7,672,0,1,0
28,4042000,1.3,737,1,1,3
48,5850000,9.7,647,1,0,0
53,2914000,3.9,701,3,0,1
63,11837000,19.3,850,1,1,3
24,5346000,1.4,709,3,1,2
53,10886000,19.5,850,0,0,0
22,2815000,0.8,409,3,0,1
34,4635000,5.7,643,3,1,2
27,5289000,1.8,742,1,0,0
26,3590000,2.9,675,4,1,0
27,3186000,2.7,533,2,0,2
21,5457000,0.6,664,3,0,1
56,5568000,7.5,533,0,0,3
21,5227000,0.3,699,4,1,2
37,2337000,2.9,465,1,0,0
51,10342000,19.2,850,3,1,1
64,10315000,13.8,850,0,1,3
58,4401000,3.9,618,0,0,2
25,3908000,3.5,662,0,1,1
64,3314000,4.9,597,4,0,0
49,7554000,9.3,766,1,1,0
27,3371000,3.7,544,4,0,0
39,6771000,11.1,763,2,1,0
61,8239000,19.2,676,0,1,0
37,6968000,6.0,622,2,0,1
27,6031000,4.7,694,2,1,2
59,4642000,4.8,642,1,0,2
62,10540000,25.5,850,3,0,0
63,12928000,23.1,850,4,1,3
62,11066000,24.3,850,4,0,2
59,4859000,9.1,672,2,0,3
39,2075000,3.4,583,4,1,1
27,3450000,3.5,627,4,1,2
47,4754000,10.0,719,0,0,1
29,3513000,3.6,652,3,0,1
40,8023000,11.8,794,3,0,3
49,6855000,12.3,773,0,0,0
62,7277000,11.0,633,3,1,0
32,3497000,3.9,509,4,0,3
30,3708000,1.8,619,1,0,1
52,7580000,6.5,741,4,0,0
19,2582000,0.0,621,4,0,1
45,8046000,13.1,769,3,0,0
53,6511000,15.4,752,3,1,1
44,8009000,9.1,692,2,0,2
36,4142000,4.9,637,2,0,2
57,10036000,16.5,754,2,0,0
36,5862000,8.6,719,2,1,1
51,9789000,17.3,714,2,1,3
40,6535000,7.8,739,4,0,2
20,2632000,0.5,500,3,0,1
43,7285000,8.5,720,1,1,1
21,2334000,0.7,631,2,0,2
61,11774000,22.4,850,1,1,2
46,5297000,7.9,578,0,0,0
36,5204000,5.1,633,1,1,3
41,4406000,5.6,557,0,1,3
47,6595000,10.1,618,4,0,0
30,3145000,4.1,612,0,1,3
32,5257000,5.6,709,1,0,3
38,5153000,6.0,698,1,0,2
30,3157000,2.3,641,1,1,2
53,9269000,18.1,808,1,1,2
23,3546000,1.1,602,3,0,3
57,9715000,21.3,759,4,0,0
35,4000000,3.3,607,0,1,3
44,5118000,9.5,591,1,0,2
26,6725000,2.6,673,2,1,0
36,7316000,8.7,749,1,1,3
53,5358000,5.8,672,3,0,1
31,6752000,6.7,850,1,1,1
25,1500000,2.2,469,2,0,0
43,3221000,9.4,600,2,0,2
26,3396000,2.5,528,1,1,0
33,1941000,1.7,541,3,0,0
39,5166000,7.0,651,3,1,0
44,5277000,5.8,727,2,1,0
48,6869000,7.9,702,2,0,2
50,6254000,13.2,697,4,0,1
57,8135000,13.3,745,4,0,3
22,3157000,0.4,521,4,0,3
35,4187000,2.2,600,0,0,2
19,2376000,0.0,556,4,0,0
19,4660000,0.0,660,4,0,3
28,4136000,3.6,671,4,0,3
46,6914000,5.1,716,3,0,0
60,9822000,22.2,812,1,1,0
54,6411000,7.2,610,3,0,2
48,4398000,4.2,679,2,0,3
54,9187000,18.8,764,4,1,3
26,4354000,1.7,690,1,0,0
57,6806000,11.9,806,3,0,1
59,7926000,23.2,753,3,0,1
23,1500000,2.3,489,4,0,2
40,7887000,9.6,762,0,0,0
57,6261000,5.1,730,4,0,1
40,8170000,8.3,753,1,1,2
57,10889000,22.6,829,4,1,2
62,10094000,24.7,850,0,1,0
40,3616000,3.2,650,1,0,1
21,3224000,0.6,587,3,1,3
34,3157000,3.9,506,2,1,1
28,5503000,1.5,711,3,1,0
40,8977000,9.4,753,2,0,2
45,5744000,6.2,704,0,0,0
40,4982000,5.7,675,3,0,2
27,1866000,1.2,449,2,0,3
32,6431000,4.5,719,2,0,1
50,5052000,5.6,699,1,0,2
20,2758000,0.3,630,4,0,3
28,4102000,1.5,644,3,0,1
60,10592000,23.7,734,0,1,3
23,3421000,0.7,691,0,0,1
38,3684000,6.9,647,0,1,0
28,4935000,1.8,592,0,1,1
23,3085000,0.6,556,3,0,1
38,5721000,3.8,705,3,0,3
42,3774000,2.9,667,2,0,3
27,3327000,1.4,582,2,1,2
22,1895000,1.0,613,4,0,2
25,4822000,2.6,553,4,0,0
48,3419000,4.2,551,2,0,3
58,6791000,12.5,603,2,0,2
27,4086000,3.1,582,2,0,2
33,4195000,3.0,730,4,0,1
34,2458000,4.3,705,3,0,3
35,3493000,2.2,631,1,0,2
30,4759000,2.3,620,4,0,1
21,2791000,0.7,580,1,0,1
43,7735000,14.3,786,3,1,2
35,6555000,9.6,625,4,0,1
34,5929000,8.8,663,4,0,0
31,3058000,3.7,688,0,1,0
61,5021000,5.9,605,1,0,1
47,6748000,7.3,680,3,0,0
38,3209000,4.2,608,0,0,3
28,2901000,1.0,614,0,0,1
55,3197000,5.3,569,1,0,2
59,8715000,13.1,795,2,0,2
20,2994000,0.3,636,0,0,1
61,4780000,8.0,777,0,1,1
51,8256000,14.7,768,1,1,0
23,1941000,1.1,562,2,0,0
53,8025000,17.9,850,2,1,0
23,1563000,0.9,519,3,0,3
21,1965000,0.7,486,4,0,1
24,4979000,1.0,681,0,0,1
40,4675000,7.3,720,3,1,3
47,5274000,4.9,697,0,1,3
37,3151000,3.3,599,1,0,2
24,4611000,2.0,567,1,0,2
28,2504000,2.1,580,3,0,2
58,5602000,7.3,761,1,1,2
63,11778000,24.9,819,4,1,2
53,7228000,4.1,726,1,0,3
23,4282000,1.5,619,4,0,3
56,7119000,13.8,695,4,1,1
50,6272000,7.0,724,2,0,3
43,8296000,7.8,803,0,0,3
25,1500000,0.9,576,3,0,0
64,9234000,20.7,749,2,0,1
39,4186000,4.2,541,1,0,1
21,2639000,0.4,604,2,0,3
28,3406000,2.3,583,1,0,1
37,4900000,9.9,774,1,1,3
21,5035000,1.0,781,4,0,3
33,4093000,8.0,756,1,0,2
40,5875000,8.9,639,2,1,0
62,10765000,18.6,850,3,0,0
22,3314000,1.0,663,1,0,1
45,6865000,14.4,774,3,1,3
61,6597000,14.9,699,4,0,0
56,6329000,10.3,788,4,0,2
61,8252000,17.6,775,0,0,2
26,4156000,2.6,646,2,0,1
55,3348000,5.8,519,0,1,1
64,8631000,13.3,826,3,1,1
33,4399000,3.6,631,1,0,3
41,7253000,11.5,770,4,0,3
43,7144000,6.9,752,0,1,0
41,6395000,11.2,724,4,0,0
32,3599000,4.2,617,1,0,0
63,9693000,21.0,850,4,1,3
62,5289000,7.2,664,0,0,0
36,6251000,9.6,621,1,1,3
56,6413000,12.6,748,1,0,0
37,2007000,4.1,518,4,0,2
55,5092000,7.9,590,3,0,2
45,5532000,6.0,623,4,0,0
40,5264000,6.0,692,2,1,1
24,5244000,2.3,669,3,0,0
49,11367000,17.2,751,3,1,2
33,6046000,6.1,679,3,0,1
28,5849000,3.4,765,4,1,0
27,4830000,2.6,634,4,0,1
64,13137000,23.1,850,2,1,0
23,5956000,2.1,761,2,1,3
55,7256000,8.9,790,3,1,2
58,11723000,22.5,850,3,1,3
20,2859000,0.3,429,4,0,0
46,7675000,13.5,850,3,1,2
45,7915000,15.2,802,4,0,1
35,6266000,7.2,850,3,1,2
49,4026000,5.4,587,4,0,3
37,5256000,7.1,569,3,0,3
39,1500000,3.2,550,4,0,1
38,8358000,9.4,762,0,0,1
55,5780000,8.7,732,4,0,0
48,8097000,13.0,834,1,1,3
36,8039000,9.4,763,3,1,0
61,6160000,8.0,691,1,0,1
55,8478000,10.7,814,2,1,0
61,7740000,17.8,743,3,0,0
52,9447000,10.2,795,2,1,0
37,5495000,3.4,745,3,0,2
54,4651000,4.0,731,0,1,3
34,6285000,4.5,775,4,0,2
31,3383000,5.1,603,2,1,3
39,5349000,7.7,550,3,0,3
63,7463000,7.8,740,1,1,3
45,3735000,8.5,579,2,0,2
36,5353000,4.8,671,2,0,2
40,5389000,5.0,639,0,0,2
32,7463000,6.0,748,2,0,0
49,3760000,7.6,563,3,0,0
35,6997000,5.9,656,4,0,0
44,7229000,14.0,814,4,0,0
36,4669000,6.3,597,1,0,3
33,3529000,5.7,618,3,1,0
63,3795000,6.0,684,0,1,0
34,4464000,2.8,704,4,0,2
22,1840000,0.5,609,4,0,0
36,6758000,8.2,743,4,1,2
43,6544000,12.4,762,2,1,1
23,1824000,0.8,643,1,0,2
33,3382000,2.9,638,3,0,2
26,4034000,1.8,524,3,0,3
42,5852000,9.1,663,1,1,1
52,7801000,13.6,802,2,1,0
63,10660000,19.5,818,3,0,3
36,7589000,9.4,850,2,1,0
58,6023000,9.7,697,1,0,2
28,3112000,3.9,609,1,1,2
54,7746000,13.3,826,2,0,2
44,5770000,6.3,681,1,1,3
53,7827000,18.8,771,1,0,2
53,3681000,5.0,677,0,0,1
43,5952000,10.9,610,1,1,0
30,4536000,5.1,634,3,1,3
43,6777000,13.4,776,1,1,3
57,8643000,13.7,792,0,1,3
63,5099000,11.5,758,4,1,1
61,8664000,21.6,694,2,1,1
27,3964000,3.9,531,2,0,1
46,6114000,9.5,750,2,1,0
23,1919000,1.9,616,2,0,1
49,4722000,7.0,646,2,1,1
64,8749000,17.8,816,3,0,2
21,2913000,1.1,642,4,0,0
49,5912000,7.8,648,4,1,1
62,7351000,14.7,703,2,1,1
57,12438000,21.9,850,1,1,3
37,6736000,9.0,779,0,1,3
23,2801000,2.2,523,2,0,2
61,7418000,12.3,735,4,0,2
61,11934000,25.1,850,1,1,3
45,6068000,4.6,727,4,0,0
64,7950000,16.2,764,3,1,0
19,3921000,0.0,598,3,0,1
47,7950000,14.0,840,2,1,2
20,5000000,0.6,634,3,0,0
62,11549000,20.0,850,0,0,2
50,7716000,12.8,662,0,1,2
61,7305000,13.2,701,0,1,2
44,6723000,8.9,755,3,0,1
22,3168000,1.1,625,2,0,2
20,5051000,0.1,704,1,1,2
34,4949000,5.3,698,0,1,2
53,8813000,18.0,850,2,1,0
25,3393000,2.7,568,1,0,1
58,8334000,19.4,681,0,1,1
30,4788000,3.2,597,0,0,1
41,4816000,8.0,618,3,0,0
28,4703000,1.1,598,3,0,1
40,3583000,6.1,625,1,0,1
39,5498000,6.7,758,2,1,2
19,4380000,0.0,738,1,1,1
45,1500000,3.0,580,2,1,2
55,11022000,16.0,850,0,1,0
62,7285000,13.7,721,4,1,0
34,4779000,4.6,561,3,0,3
59,6836000,9.0,791,4,1,2
59,9051000,14.8,691,1,1,3
64,8369000,14.4,734,4,0,1
36,6192000,5.7,738,2,1,1
58,8943000,15.2,792,0,1,1
44,6023000,2.6,689,1,1,3
21,4012000,1.1,563,4,0,3
31,5918000,1.6,697,3,0,3
49,7511000,9.8,811,3,0,0
26,1500000,1.4,551,1,0,2
38,8548000,6.9,735,3,1,1
54,5251000,8.4,600,4,0,0
25,5915000,3.2,649,0,0,0
41,5342000,6.6,702,1,1,3
28,5603000,3.8,707,0,1,0
43,4064000,5.4,587,0,0,2
30,4171000,1.2,506,4,0,0
63,7351000,13.3,770,1,1,1
22,5280000,1.1,622,0,0,0
63,8601000,14.5,828,0,1,0
55,11438000,20.9,836,4,1,1
58,6598000,17.7,661,2,1,3
58,11052000,23.3,850,3,0,3
27,4193000,2.0,781,1,1,2
61,10548000,20.8,850,3,1,0
46,7723000,10.2,766,4,1,3
63,8826000,17.9,816,3,1,3
59,11354000,23.7,773,2,1,1
45,8302000,11.1,709,1,1,0
36,3521000,9.3,467,1,0,1
24,4512000,2.3,754,2,0,2
23,2844000,0.7,686,2,0,2
36,4565000,7.6,676,0,1,0
56,7849000,12.7,770,0,0,1
42,8988000,12.9,707,2,1,2
41,8132000,11.1,758,0,1,0
30,3433000,1.7,722,2,1,2
44,5521000,4.2,692,1,1,3
48,5407000,3.9,646,1,0,0
64,8355000,15.6,673,0,1,2
52,3778000,4.6,709,2,1,3
46,6613000,12.5,716,0,0,1
60,9395000,15.4,708,3,0,3
38,6379000,9.8,657,4,0,0
62,5350000,10.3,602,4,0,3
36,3113000,6.1,596,3,0,1
24,4278000,0.8,655,4,0,0
38,5949000,10.3,668,4,0,3
24,3711000,0.9,670,3,0,2
24,4768000,0.8,664,1,0,3
59,4264000,8.1,706,2,0,2
55,9281000,18.1,788,4,0,0
29,3320000,1.5,793,3,1,0
57,8881000,15.5,762,1,0,0
22,4977000,1.4,612,0,1,0
32,3575000,6.2,558,0,0,3
51,5854000,6.2,682,1,1,3
32,4833000,1.7,558,4,0,3
52,6521000,10.7,735,2,0,2
59,5635000,8.0,574,0,0,1
22,3957000,1.3,642,4,0,2
20,3519000,0.3,536,2,0,1
62,8599000,14.0,764,1,1,3
42,4934000,3.6,701,4,0,1
42,4902000,8.8,802,1,1,1
40,5588000,4.0,622,3,0,0
38,7340000,8.4,736,4,1,2
50,4693000,4.2,613,2,0,2
45,6562000,15.3,667,3,0,0
26,3947000,3.1,589,1,0,0
47,5088000,5.3,719,4,0,1
49,2746000,3.2,562,0,0,3
24,3023000,1.3,736,1,1,0
36,2359000,3.0,604,4,0,3
55,6354000,7.5,651,2,0,0
47,8449000,15.0,760,0,1,0
25,1865000,2.4,514,2,0,1
20,3492000,0.2,664,1,0,0
45,6362000,9.8,614,2,0,2
40,5300000,4.8,596,1,1,0
63,11595000,25.9,850,1,1,1
43,3018000,2.8,642,4,0,1
61,8935000,19.6,850,0,1,0
28,3894000,4.4,713,3,0,3
39,3968000,2.7,664,0,1,2
25,3563000,1.1,614,2,0,0
45,5431000,7.6,729,3,0,1
27,3997000,4.3,565,4,0,2
41,5413000,8.1,570,1,0,0
34,8249000,6.4,801,0,1,3
27,3440000,3.9,554,3,0,1
23,3065000,2.1,598,4,0,1
42,9683000,7.8,830,2,1,1
62,8825000,15.2,809,0,1,0
28,2779000,4.1,649,2,0,0
37,5481000,4.2,733,1,0,3
29,3763000,5.3,637,2,0,1
56,5526000,4.1,658,0,0,2
38,4077000,3.8,642,1,0,1
63,10172000,22.0,803,4,1,0
30,5981000,3.0,688,0,0,0
22,3855000,0.5,786,4,1,1
45,5918000,5.0,708,2,0,3
48,7232000,10.6,768,2,0,2
64,10692000,23.5,814,4,1,3
59,5624000,5.4,749,1,1,2
59,6061000,4.6,748,4,1,0
48,6522000,9.6,763,1,1,3
35,8382000,9.2,792,1,0,0
38,5631000,4.6,750,2,0,0
25,4479000,3.5,726,3,1,0
38,6907000,10.3,747,1,1,0
35,4530000,3.9,644,3,0,2
20,1674000,0.5,609,0,1,0
28,4292000,4.0,589,3,0,2
43,6240000,8.5,665,3,1,2
35,4251000,5.0,639,2,0,0
64,11385000,22.8,775,3,1,2
41,6841000,10.9,778,3,0,2
63,11313000,21.1,819,4,1,1
49,10096000,18.0,808,1,1,1
20,3306000,0.3,597,2,0,3
28,2934000,4.5,600,2,0,0
51,11099000,17.0,849,1,1,3
44,4615000,5.1,650,4,0,3
32,3463000,1.6,612,2,0,2
43,5144000,7.3,645,2,0,3
60,10009000,21.7,787,0,1,2
36,6323000,4.2,776,2,1,3
21,4978000,0.9,540,3,1,1
33,4058000,1.5,623,2,0,0
62,7036000,11.9,706,3,0,3
54,8748000,14.3,817,0,1,0
57,5294000,6.3,589,0,1,0
60,10647000,22.5,825,1,1,0
24,3721000,0.9,618,1,0,0
32,4991000,7.2,731,4,0,0
21,3443000,0.4,635,4,0,3
19,3245000,0.0,537,2,0,3
57,9079000,15.3,773,2,1,3
62,4392000,6.1,700,1,0,2
26,4167000,0.9,567,2,0,0
52,3487000,4.5,612,3,0,2
43,5638000,9.5,687,3,0,2
22,2890000,1.5,573,4,0,3
61,6159000,12.7,850,2,0,2
59,8734000,12.9,766,1,1,1
45,5442000,10.3,708,0,1,1
51,6256000,11.7,663,3,0,3
37,7306000,8.0,775,4,1,2
55,6550000,12.1,771,2,1,1
39,5959000,9.1,663,4,0,3
64,11201000,26.9,850,1,1,1
21,4210000,0.6,587,0,0,3
26,4261000,0.7,573,3,0,2
63,6407000,7.2,776,0,1,2
32,5360000,4.9,645,0,0,2
33,4418000,3.8,502,3,0,3
55,9546000,20.5,850,2,1,1
27,3177000,3.3,558,3,0,0
42,7453000,8.3,734,3,1,2
32,6193000,6.5,805,1,0,2
28,2903000,2.1,588,3,0,3
63,10888000,22.4,850,2,1,0
28,2955000,0.9,525,2,0,2
23,2206000,1.6,475,3,0,0
50,9373000,17.6,802,1,1,0
58,9256000,19.3,830,2,1,1
24,2767000,2.6,611,2,0,1
51,4585000,9.6,624,0,0,1
43,5428000,12.3,682,1,0,1
57,7559000,14.3,642,0,1,2
24,3598000,2.0,648,0,0,1
63,3945000,5.7,641,2,1,2
47,5741000,5.6,810,4,1,2
57,7926000,14.3,765,4,1,2
35,4427000,2.1,591,3,0,2
62,9851000,20.2,825,2,1,3
47,7165000,14.6,719,1,0,2
24,4117000,2.8,663,1,0,1
61,3690000,6.3,625,3,0,3
55,10822000,20.5,785,4,1,1
32,2470000,1.7,484,4,0,1
44,7042000,8.4,751,1,1,2
36,5674000,8.8,772,2,1,2
44,5465000,3.4,687,2,0,2
63,3333000,4.8,660,0,1,1
60,3797000,4.6,687,0,1,0
28,4577000,3.2,669,0,0,0
63,12210000,22.3,850,3,1,2
39,6155000,3.3,717,1,0,1
51,4870000,5.2,735,3,0,3
54,9895000,13.4,850,1,1,3
41,4332000,4.8,689,3,0,3
40,7749000,9.8,731,0,1,1
39,5894000,11.5,684,1,0,3
58,10084000,18.8,829,1,1,2
36,3410000,9.2,611,2,0,1
31,3159000,4.3,675,2,0,2
35,6465000,8.3,575,0,0,3
27,1950000,1.5,567,3,0,0
37,4352000,2.4,640,4,0,1
24,4823000,2.1,578,0,0,3
23,2573000,0.5,626,0,0,0
52,8137000,18.0,728,4,0,3
22,2886000,1.3,575,3,0,3
45,7091000,15.0,847,4,1,1
54,6029000,9.0,762,3,0,3
52,7078000,11.3,770,3,1,1
39,5923000,9.4,720,0,1,2
27,5639000,1.8,678,2,0,0
61,7597000,15.6,850,1,1,0
57,10375000,16.3,850,4,1,3
47,7526000,16.5,706,0,1,0
22,3577000,1.4,535,0,0,2
20,4490000,0.2,684,2,1,1
33,6003000,4.7,697,4,1,0
26,3476000,2.8,530,4,0,2
58,6046000,6.8,727,2,0,1
28,4485000,2.8,633,2,1,2
32,3437000,3.1,646,1,1,2
63,6189000,7.0,733,4,0,3
56,9855000,13.2,792,0,1,1
29,4196000,1.8,678,0,1,0
36,6025000,6.7,671,2,1,1
42,5312000,4.3,651,1,0,3
49,6112000,13.9,672,2,1,1
62,6527000,8.5,785,4,0,1
59,9445000,21.9,798,1,1,2
63,4042000,5.0,717,4,0,2
20,5734000,0.4,798,1,1,1
29,3606000,2.6,576,1,0,0
44,3967000,5.3,457,0,0,0
21,4628000,0.7,717,3,0,0
35,4768000,8.3,638,4,1,2
26,3828000,3.9,576,4,1,1
61,8209000,10.6,738,0,1,3
21,3191000,0.4,581,3,0,3
25,2106000,2.8,648,0,1,2
27,4738000,3.1,668,3,0,2
25,2944000,1.2,675,3,0,2
45,9223000,12.5,837,0,1,2
35,4303000,5.8,625,0,0,0
60,10386000,17.5,823,0,1,2
30,6216000,3.1,741,3,0,1
43,4674000,7.7,705,3,0,0
49,4763000,5.7,719,0,1,2
47,8156000,13.4,756,2,1,1
55,4211000,6.4,651,3,0,1
28,4864000,4.4,697,1,1,1
42,6755000,11.5,702,3,1,3
55,8656000,17.0,720,1,1,3
58,4564000,4.3,604,1,0,3
47,5396000,6.6,665,1,1,2
48,6592000,9.7,759,1,0,2
58,7706000,15.5,832,2,1,2
47,7829000,15.7,680,1,1,2
62,7198000,12.4,704,1,0,2
24,3891000,2.7,608,3,0,1
35,3488000,2.9,664,1,1,0
24,3879000,1.4,598,3,0,1
23,1500000,0.5,524,0,0,1
40,5588000,9.9,602,0,0,0
29,3294000,1.8,639,4,0,0
37,3408000,4.1,604,2,0,2
39,8385000,9.8,740,3,1,3
47,6628000,10.3,705,3,0,2
62,4822000,4.6,728,0,0,0
58,3785000,3.9,566,4,0,0
36,5081000,6.0,619,2,0,2
33,2767000,3.5,667,4,0,3
54,5141000,6.7,676,2,1,2
24,2576000,2.0,626,2,1,3
43,4452000,5.1,673,3,0,0
38,2553000,7.5,583,0,0,1
27,2451000,2.3,561,3,0,2
47,6647000,5.4,771,4,1,0
33,4836000,2.4,731,3,0,3
27,5178000,1.7,738,0,0,3
49,5855000,3.4,624,3,1,3
27,4508000,2.0,729,0,0,2
49,8232000,16.5,753,0,1,2
26,3015000,3.6,555,1,0,3
38,6266000,5.4,699,1,0,3
56,8117000,14.4,820,0,1,2
29,7323000,3.8,777,0,1,3
54,8862000,18.0,780,3,0,1
52,7887000,7.2,813,2,1,2
60,6382000,10.2,721,0,0,3
26,5233000,1.8,640,2,0,1
51,6401000,3.9,671,3,0,1
62,5657000,11.1,713,3,0,3
54,9033000,18.9,796,1,0,0
27,3300000,4.4,527,0,0,2
56,3519000,5.7,668,4,0,2
23,4255000,1.3,613,3,1,2
46,5494000,7.8,779,4,1,1
41,5723000,7.6,607,1,1,2
43,6852000,9.1,718,0,0,0
42,1646000,2.5,513,1,0,3
20,4719000,0.5,599,1,0,0
42,7306000,13.5,714,3,0,2
62,10044000,18.3,850,3,0,0
39,6755000,8.6,734,0,1,1
31,6185000,4.4,659,2,0,1
64,7074000,12.0,626,1,1,3
23,1500000,0.7,447,3,0,3
41,6079000,8.6,670,1,1,1
42,4221000,2.8,603,2,0,2
40,5539000,10.8,671,3,0,3
61,7727000,13.0,621,1,0,2
38,4597000,5.8,648,0,1,2
63,5449000,11.6,743,3,1,2
22,4436000,1.8,745,4,1,0
52,4494000,6.2,536,2,0,0
46,4157000,4.7,590,4,0,2
30,3145000,2.0,554,0,1,3
29,5988000,4.3,708,4,1,0
52,9846000,19.7,755,4,0,3
48,5300000,6.3,778,1,1,2
47,7896000,15.5,766,0,1,0
21,3730000,0.5,617,3,0,1
46,8609000,11.4,850,4,1,1
64,5667000,5.4,688,0,1,3
19,3824000,0.0,651,3,1,3
40,6877000,9.0,684,4,1,0
41,4179000,8.1,557,0,0,3
60,5099000,9.0,633,2,0,0
32,5099000,6.7,801,0,1,2
40,6434000,12.3,752,0,1,1
51,5398000,10.5,696,2,1,3
21,1500000,0.8,491,1,0,1
55,7614000,17.8,808,0,1,3
56,5562000,8.2,604,4,1,2
52,9077000,17.6,709,1,0,0
48,4498000,7.0,616,4,0,3
53,8905000,16.6,850,0,1,1
54,4404000,5.5,761,2,1,2
60,7809000,10.0,733,3,0,1
38,5256000,7.0,635,2,1,2
39,6356000,7.2,613,2,0,0
48,8564000,15.2,790,3,1,0
27,2998000,4.8,610,0,1,0
58,4991000,6.0,714,4,0,3
54,4387000,8.2,701,3,0,3
48,5705000,8.1,678,3,0,1
32,3646000,4.4,655,2,1,0
34,5278000,5.2,634,1,1,3
39,5099000,10.6,702,2,1,0
49,8128000,14.6,740,3,0,0
